"","province","biweek","year","cases","date_sick"
"1",10,1,1968,39,1968-01-01
"2",10,2,1968,15,1968-01-15
"3",10,3,1968,0,1968-01-29
"4",10,4,1968,0,1968-02-12
"5",10,5,1968,4,1968-02-26
"6",10,6,1968,14,1968-03-12
"7",10,7,1968,11,1968-03-26
"8",10,8,1968,7,1968-04-09
"9",10,9,1968,8,1968-04-23
"10",10,10,1968,17,1968-05-07
"11",10,11,1968,39,1968-05-21
"12",10,12,1968,66,1968-06-04
"13",10,13,1968,82,1968-06-18
"14",10,14,1968,86,1968-07-02
"15",10,15,1968,81,1968-07-16
"16",10,16,1968,73,1968-07-30
"17",10,17,1968,87,1968-08-13
"18",10,18,1968,130,1968-08-27
"19",10,19,1968,156,1968-09-10
"20",10,20,1968,136,1968-09-24
"21",10,21,1968,106,1968-10-08
"22",10,22,1968,101,1968-10-22
"23",10,23,1968,107,1968-11-05
"24",10,24,1968,102,1968-11-19
"25",10,25,1968,87,1968-12-03
"26",10,26,1968,76,1968-12-17
"27",10,1,1969,69,1969-01-01
"28",10,2,1969,66,1969-01-15
"29",10,3,1969,65,1969-01-29
"30",10,4,1969,60,1969-02-12
"31",10,5,1969,47,1969-02-26
"32",10,6,1969,38,1969-03-12
"33",10,7,1969,38,1969-03-26
"34",10,8,1969,42,1969-04-09
"35",10,9,1969,43,1969-04-23
"36",10,10,1969,44,1969-05-07
"37",10,11,1969,52,1969-05-21
"38",10,12,1969,66,1969-06-04
"39",10,13,1969,88,1969-06-18
"40",10,14,1969,115,1969-07-02
"41",10,15,1969,140,1969-07-16
"42",10,16,1969,161,1969-07-30
"43",10,17,1969,185,1969-08-13
"44",10,18,1969,211,1969-08-27
"45",10,19,1969,208,1969-09-10
"46",10,20,1969,160,1969-09-24
"47",10,21,1969,103,1969-10-08
"48",10,22,1969,73,1969-10-22
"49",10,23,1969,59,1969-11-05
"50",10,24,1969,39,1969-11-19
"51",10,25,1969,19,1969-12-03
"52",10,26,1969,10,1969-12-17
"53",10,1,1970,11,1970-01-01
"54",10,2,1970,11,1970-01-15
"55",10,3,1970,5,1970-01-29
"56",10,4,1970,2,1970-02-12
"57",10,5,1970,4,1970-02-26
"58",10,6,1970,5,1970-03-12
"59",10,7,1970,6,1970-03-26
"60",10,8,1970,5,1970-04-09
"61",10,9,1970,4,1970-04-23
"62",10,10,1970,5,1970-05-07
"63",10,11,1970,12,1970-05-21
"64",10,12,1970,22,1970-06-04
"65",10,13,1970,31,1970-06-18
"66",10,14,1970,38,1970-07-02
"67",10,15,1970,40,1970-07-16
"68",10,16,1970,36,1970-07-30
"69",10,17,1970,36,1970-08-13
"70",10,18,1970,42,1970-08-27
"71",10,19,1970,50,1970-09-10
"72",10,20,1970,55,1970-09-24
"73",10,21,1970,53,1970-10-08
"74",10,22,1970,43,1970-10-22
"75",10,23,1970,28,1970-11-05
"76",10,24,1970,17,1970-11-19
"77",10,25,1970,11,1970-12-03
"78",10,26,1970,7,1970-12-17
"79",10,1,1971,6,1971-01-01
"80",10,2,1971,5,1971-01-15
"81",10,3,1971,6,1971-01-29
"82",10,4,1971,6,1971-02-12
"83",10,5,1971,4,1971-02-26
"84",10,6,1971,4,1971-03-12
"85",10,7,1971,5,1971-03-26
"86",10,8,1971,9,1971-04-09
"87",10,9,1971,13,1971-04-23
"88",10,10,1971,19,1971-05-07
"89",10,11,1971,22,1971-05-21
"90",10,12,1971,28,1971-06-04
"91",10,13,1971,43,1971-06-18
"92",10,14,1971,66,1971-07-02
"93",10,15,1971,79,1971-07-16
"94",10,16,1971,81,1971-07-30
"95",10,17,1971,86,1971-08-13
"96",10,18,1971,98,1971-08-27
"97",10,19,1971,105,1971-09-10
"98",10,20,1971,101,1971-09-24
"99",10,21,1971,89,1971-10-08
"100",10,22,1971,73,1971-10-22
"101",10,23,1971,55,1971-11-05
"102",10,24,1971,39,1971-11-19
"103",10,25,1971,27,1971-12-03
"104",10,26,1971,24,1971-12-17
"105",10,1,1972,29,1972-01-01
"106",10,2,1972,30,1972-01-15
"107",10,3,1972,24,1972-01-29
"108",10,4,1972,22,1972-02-12
"109",10,5,1972,24,1972-02-26
"110",10,6,1972,25,1972-03-12
"111",10,7,1972,20,1972-03-26
"112",10,8,1972,17,1972-04-09
"113",10,9,1972,25,1972-04-23
"114",10,10,1972,41,1972-05-07
"115",10,11,1972,59,1972-05-21
"116",10,12,1972,78,1972-06-04
"117",10,13,1972,98,1972-06-18
"118",10,14,1972,121,1972-07-02
"119",10,15,1972,153,1972-07-16
"120",10,16,1972,191,1972-07-30
"121",10,17,1972,203,1972-08-13
"122",10,18,1972,179,1972-08-27
"123",10,19,1972,151,1972-09-10
"124",10,20,1972,141,1972-09-24
"125",10,21,1972,141,1972-10-08
"126",10,22,1972,144,1972-10-22
"127",10,23,1972,139,1972-11-05
"128",10,24,1972,112,1972-11-19
"129",10,25,1972,74,1972-12-03
"130",10,26,1972,54,1972-12-17
"131",10,1,1973,53,1973-01-01
"132",10,2,1973,51,1973-01-15
"133",10,3,1973,43,1973-01-29
"134",10,4,1973,40,1973-02-12
"135",10,5,1973,47,1973-02-26
"136",10,6,1973,54,1973-03-12
"137",10,7,1973,55,1973-03-26
"138",10,8,1973,53,1973-04-09
"139",10,9,1973,47,1973-04-23
"140",10,10,1973,45,1973-05-07
"141",10,11,1973,62,1973-05-21
"142",10,12,1973,86,1973-06-04
"143",10,13,1973,87,1973-06-18
"144",10,14,1973,69,1973-07-02
"145",10,15,1973,64,1973-07-16
"146",10,16,1973,75,1973-07-30
"147",10,17,1973,77,1973-08-13
"148",10,18,1973,62,1973-08-27
"149",10,19,1973,53,1973-09-10
"150",10,20,1973,64,1973-09-24
"151",10,21,1973,78,1973-10-08
"152",10,22,1973,78,1973-10-22
"153",10,23,1973,67,1973-11-05
"154",10,24,1973,50,1973-11-19
"155",10,25,1973,31,1973-12-03
"156",10,26,1973,18,1973-12-17
"157",10,1,1974,11,1974-01-01
"158",10,2,1974,7,1974-01-15
"159",10,3,1974,7,1974-01-29
"160",10,4,1974,7,1974-02-12
"161",10,5,1974,7,1974-02-26
"162",10,6,1974,8,1974-03-12
"163",10,7,1974,10,1974-03-26
"164",10,8,1974,12,1974-04-09
"165",10,9,1974,14,1974-04-23
"166",10,10,1974,17,1974-05-07
"167",10,11,1974,27,1974-05-21
"168",10,12,1974,38,1974-06-04
"169",10,13,1974,42,1974-06-18
"170",10,14,1974,40,1974-07-02
"171",10,15,1974,48,1974-07-16
"172",10,16,1974,70,1974-07-30
"173",10,17,1974,85,1974-08-13
"174",10,18,1974,90,1974-08-27
"175",10,19,1974,89,1974-09-10
"176",10,20,1974,87,1974-09-24
"177",10,21,1974,84,1974-10-08
"178",10,22,1974,79,1974-10-22
"179",10,23,1974,69,1974-11-05
"180",10,24,1974,54,1974-11-19
"181",10,25,1974,36,1974-12-03
"182",10,26,1974,31,1974-12-17
"183",10,1,1975,36,1975-01-01
"184",10,2,1975,36,1975-01-15
"185",10,3,1975,29,1975-01-29
"186",10,4,1975,26,1975-02-12
"187",10,5,1975,33,1975-02-26
"188",10,6,1975,41,1975-03-12
"189",10,7,1975,45,1975-03-26
"190",10,8,1975,47,1975-04-09
"191",10,9,1975,49,1975-04-23
"192",10,10,1975,55,1975-05-07
"193",10,11,1975,72,1975-05-21
"194",10,12,1975,101,1975-06-04
"195",10,13,1975,143,1975-06-18
"196",10,14,1975,190,1975-07-02
"197",10,15,1975,209,1975-07-16
"198",10,16,1975,195,1975-07-30
"199",10,17,1975,172,1975-08-13
"200",10,18,1975,152,1975-08-27
"201",10,19,1975,137,1975-09-10
"202",10,20,1975,129,1975-09-24
"203",10,21,1975,124,1975-10-08
"204",10,22,1975,118,1975-10-22
"205",10,23,1975,105,1975-11-05
"206",10,24,1975,77,1975-11-19
"207",10,25,1975,42,1975-12-03
"208",10,26,1975,21,1975-12-17
"209",10,1,1976,15,1976-01-01
"210",10,2,1976,11,1976-01-15
"211",10,3,1976,8,1976-01-29
"212",10,4,1976,7,1976-02-12
"213",10,5,1976,9,1976-02-26
"214",10,6,1976,11,1976-03-12
"215",10,7,1976,11,1976-03-26
"216",10,8,1976,11,1976-04-09
"217",10,9,1976,15,1976-04-23
"218",10,10,1976,21,1976-05-07
"219",10,11,1976,28,1976-05-21
"220",10,12,1976,35,1976-06-04
"221",10,13,1976,39,1976-06-18
"222",10,14,1976,43,1976-07-02
"223",10,15,1976,59,1976-07-16
"224",10,16,1976,86,1976-07-30
"225",10,17,1976,103,1976-08-13
"226",10,18,1976,102,1976-08-27
"227",10,19,1976,98,1976-09-10
"228",10,20,1976,102,1976-09-24
"229",10,21,1976,111,1976-10-08
"230",10,22,1976,123,1976-10-22
"231",10,23,1976,128,1976-11-05
"232",10,24,1976,113,1976-11-19
"233",10,25,1976,86,1976-12-03
"234",10,26,1976,63,1976-12-17
"235",10,1,1977,49,1977-01-01
"236",10,2,1977,43,1977-01-15
"237",10,3,1977,45,1977-01-29
"238",10,4,1977,46,1977-02-12
"239",10,5,1977,42,1977-02-26
"240",10,6,1977,41,1977-03-12
"241",10,7,1977,45,1977-03-26
"242",10,8,1977,55,1977-04-09
"243",10,9,1977,69,1977-04-23
"244",10,10,1977,95,1977-05-07
"245",10,11,1977,145,1977-05-21
"246",10,12,1977,203,1977-06-04
"247",10,13,1977,230,1977-06-18
"248",10,14,1977,230,1977-07-02
"249",10,15,1977,242,1977-07-16
"250",10,16,1977,274,1977-07-30
"251",10,17,1977,313,1977-08-13
"252",10,18,1977,354,1977-08-27
"253",10,19,1977,372,1977-09-10
"254",10,20,1977,354,1977-09-24
"255",10,21,1977,305,1977-10-08
"256",10,22,1977,235,1977-10-22
"257",10,23,1977,162,1977-11-05
"258",10,24,1977,113,1977-11-19
"259",10,25,1977,88,1977-12-03
"260",10,26,1977,82,1977-12-17
"261",10,1,1978,88,1978-01-01
"262",10,2,1978,87,1978-01-15
"263",10,3,1978,76,1978-01-29
"264",10,4,1978,59,1978-02-12
"265",10,5,1978,39,1978-02-26
"266",10,6,1978,27,1978-03-12
"267",10,7,1978,28,1978-03-26
"268",10,8,1978,34,1978-04-09
"269",10,9,1978,38,1978-04-23
"270",10,10,1978,39,1978-05-07
"271",10,11,1978,42,1978-05-21
"272",10,12,1978,47,1978-06-04
"273",10,13,1978,54,1978-06-18
"274",10,14,1978,63,1978-07-02
"275",10,15,1978,71,1978-07-16
"276",10,16,1978,77,1978-07-30
"277",10,17,1978,82,1978-08-13
"278",10,18,1978,85,1978-08-27
"279",10,19,1978,79,1978-09-10
"280",10,20,1978,62,1978-09-24
"281",10,21,1978,46,1978-10-08
"282",10,22,1978,42,1978-10-22
"283",10,23,1978,44,1978-11-05
"284",10,24,1978,38,1978-11-19
"285",10,25,1978,28,1978-12-03
"286",10,26,1978,24,1978-12-17
"287",10,1,1979,27,1979-01-01
"288",10,2,1979,27,1979-01-15
"289",10,3,1979,22,1979-01-29
"290",10,4,1979,20,1979-02-12
"291",10,5,1979,24,1979-02-26
"292",10,6,1979,27,1979-03-12
"293",10,7,1979,24,1979-03-26
"294",10,8,1979,19,1979-04-09
"295",10,9,1979,17,1979-04-23
"296",10,10,1979,17,1979-05-07
"297",10,11,1979,22,1979-05-21
"298",10,12,1979,31,1979-06-04
"299",10,13,1979,43,1979-06-18
"300",10,14,1979,56,1979-07-02
"301",10,15,1979,69,1979-07-16
"302",10,16,1979,80,1979-07-30
"303",10,17,1979,79,1979-08-13
"304",10,18,1979,62,1979-08-27
"305",10,19,1979,52,1979-09-10
"306",10,20,1979,60,1979-09-24
"307",10,21,1979,74,1979-10-08
"308",10,22,1979,81,1979-10-22
"309",10,23,1979,80,1979-11-05
"310",10,24,1979,70,1979-11-19
"311",10,25,1979,57,1979-12-03
"312",10,26,1979,57,1979-12-17
"313",10,1,1980,68,1980-01-01
"314",10,2,1980,75,1980-01-15
"315",10,3,1980,73,1980-01-29
"316",10,4,1980,69,1980-02-12
"317",10,5,1980,63,1980-02-26
"318",10,6,1980,67,1980-03-12
"319",10,7,1980,86,1980-03-26
"320",10,8,1980,109,1980-04-09
"321",10,9,1980,127,1980-04-23
"322",10,10,1980,136,1980-05-07
"323",10,11,1980,135,1980-05-21
"324",10,12,1980,140,1980-06-04
"325",10,13,1980,198,1980-06-18
"326",10,14,1980,292,1980-07-02
"327",10,15,1980,329,1980-07-16
"328",10,16,1980,295,1980-07-30
"329",10,17,1980,258,1980-08-13
"330",10,18,1980,244,1980-08-27
"331",10,19,1980,234,1980-09-10
"332",10,20,1980,217,1980-09-24
"333",10,21,1980,193,1980-10-08
"334",10,22,1980,164,1980-10-22
"335",10,23,1980,133,1980-11-05
"336",10,24,1980,106,1980-11-19
"337",10,25,1980,83,1980-12-03
"338",10,26,1980,66,1980-12-17
"339",10,1,1981,54,1981-01-01
"340",10,2,1981,41,1981-01-15
"341",10,3,1981,28,1981-01-29
"342",10,4,1981,24,1981-02-12
"343",10,5,1981,31,1981-02-26
"344",10,6,1981,37,1981-03-12
"345",10,7,1981,33,1981-03-26
"346",10,8,1981,30,1981-04-09
"347",10,9,1981,40,1981-04-23
"348",10,10,1981,60,1981-05-07
"349",10,11,1981,81,1981-05-21
"350",10,12,1981,101,1981-06-04
"351",10,13,1981,108,1981-06-18
"352",10,14,1981,105,1981-07-02
"353",10,15,1981,102,1981-07-16
"354",10,16,1981,103,1981-07-30
"355",10,17,1981,104,1981-08-13
"356",10,18,1981,102,1981-08-27
"357",10,19,1981,101,1981-09-10
"358",10,20,1981,101,1981-09-24
"359",10,21,1981,104,1981-10-08
"360",10,22,1981,111,1981-10-22
"361",10,23,1981,114,1981-11-05
"362",10,24,1981,99,1981-11-19
"363",10,25,1981,74,1981-12-03
"364",10,26,1981,57,1981-12-17
"365",10,1,1982,49,1982-01-01
"366",10,2,1982,40,1982-01-15
"367",10,3,1982,30,1982-01-29
"368",10,4,1982,27,1982-02-12
"369",10,5,1982,32,1982-02-26
"370",10,6,1982,35,1982-03-12
"371",10,7,1982,27,1982-03-26
"372",10,8,1982,21,1982-04-09
"373",10,9,1982,31,1982-04-23
"374",10,10,1982,47,1982-05-07
"375",10,11,1982,52,1982-05-21
"376",10,12,1982,51,1982-06-04
"377",10,13,1982,58,1982-06-18
"378",10,14,1982,72,1982-07-02
"379",10,15,1982,86,1982-07-16
"380",10,16,1982,98,1982-07-30
"381",10,17,1982,106,1982-08-13
"382",10,18,1982,108,1982-08-27
"383",10,19,1982,103,1982-09-10
"384",10,20,1982,92,1982-09-24
"385",10,21,1982,89,1982-10-08
"386",10,22,1982,112,1982-10-22
"387",10,23,1982,137,1982-11-05
"388",10,24,1982,132,1982-11-19
"389",10,25,1982,104,1982-12-03
"390",10,26,1982,80,1982-12-17
"391",10,1,1983,63,1983-01-01
"392",10,2,1983,46,1983-01-15
"393",10,3,1983,28,1983-01-29
"394",10,4,1983,22,1983-02-12
"395",10,5,1983,32,1983-02-26
"396",10,6,1983,43,1983-03-12
"397",10,7,1983,47,1983-03-26
"398",10,8,1983,47,1983-04-09
"399",10,9,1983,47,1983-04-23
"400",10,10,1983,47,1983-05-07
"401",10,11,1983,54,1983-05-21
"402",10,12,1983,67,1983-06-04
"403",10,13,1983,89,1983-06-18
"404",10,14,1983,120,1983-07-02
"405",10,15,1983,159,1983-07-16
"406",10,16,1983,205,1983-07-30
"407",10,17,1983,251,1983-08-13
"408",10,18,1983,296,1983-08-27
"409",10,19,1983,346,1983-09-10
"410",10,20,1983,401,1983-09-24
"411",10,21,1983,420,1983-10-08
"412",10,22,1983,365,1983-10-22
"413",10,23,1983,267,1983-11-05
"414",10,24,1983,183,1983-11-19
"415",10,25,1983,118,1983-12-03
"416",10,26,1983,80,1983-12-17
"417",10,1,1984,65,1984-01-01
"418",10,2,1984,54,1984-01-15
"419",10,3,1984,45,1984-01-29
"420",10,4,1984,41,1984-02-12
"421",10,5,1984,44,1984-02-26
"422",10,6,1984,47,1984-03-12
"423",10,7,1984,43,1984-03-26
"424",10,8,1984,44,1984-04-09
"425",10,9,1984,60,1984-04-23
"426",10,10,1984,85,1984-05-07
"427",10,11,1984,108,1984-05-21
"428",10,12,1984,130,1984-06-04
"429",10,13,1984,158,1984-06-18
"430",10,14,1984,193,1984-07-02
"431",10,15,1984,233,1984-07-16
"432",10,16,1984,275,1984-07-30
"433",10,17,1984,301,1984-08-13
"434",10,18,1984,305,1984-08-27
"435",10,19,1984,304,1984-09-10
"436",10,20,1984,308,1984-09-24
"437",10,21,1984,315,1984-10-08
"438",10,22,1984,321,1984-10-22
"439",10,23,1984,318,1984-11-05
"440",10,24,1984,294,1984-11-19
"441",10,25,1984,254,1984-12-03
"442",10,26,1984,214,1984-12-17
"443",10,1,1985,178,1985-01-01
"444",10,2,1985,155,1985-01-15
"445",10,3,1985,148,1985-01-29
"446",10,4,1985,146,1985-02-12
"447",10,5,1985,146,1985-02-26
"448",10,6,1985,137,1985-03-12
"449",10,7,1985,115,1985-03-26
"450",10,8,1985,100,1985-04-09
"451",10,9,1985,111,1985-04-23
"452",10,10,1985,135,1985-05-07
"453",10,11,1985,148,1985-05-21
"454",10,12,1985,153,1985-06-04
"455",10,13,1985,154,1985-06-18
"456",10,14,1985,157,1985-07-02
"457",10,15,1985,171,1985-07-16
"458",10,16,1985,196,1985-07-30
"459",10,17,1985,207,1985-08-13
"460",10,18,1985,194,1985-08-27
"461",10,19,1985,176,1985-09-10
"462",10,20,1985,164,1985-09-24
"463",10,21,1985,157,1985-10-08
"464",10,22,1985,153,1985-10-22
"465",10,23,1985,141,1985-11-05
"466",10,24,1985,107,1985-11-19
"467",10,25,1985,63,1985-12-03
"468",10,26,1985,41,1985-12-17
"469",10,1,1986,41,1986-01-01
"470",10,2,1986,44,1986-01-15
"471",10,3,1986,45,1986-01-29
"472",10,4,1986,37,1986-02-12
"473",10,5,1986,17,1986-02-26
"474",10,6,1986,4,1986-03-12
"475",10,7,1986,0,1986-03-26
"476",10,8,1986,2,1986-04-09
"477",10,9,1986,7,1986-04-23
"478",10,10,1986,13,1986-05-07
"479",10,11,1986,14,1986-05-21
"480",10,12,1986,18,1986-06-04
"481",10,13,1986,44,1986-06-18
"482",10,14,1986,88,1986-07-02
"483",10,15,1986,118,1986-07-16
"484",10,16,1986,130,1986-07-30
"485",10,17,1986,142,1986-08-13
"486",10,18,1986,162,1986-08-27
"487",10,19,1986,186,1986-09-10
"488",10,20,1986,211,1986-09-24
"489",10,21,1986,251,1986-10-08
"490",10,22,1986,317,1986-10-22
"491",10,23,1986,377,1986-11-05
"492",10,24,1986,384,1986-11-19
"493",10,25,1986,360,1986-12-03
"494",10,26,1986,371,1986-12-17
"495",10,1,1987,407,1987-01-01
"496",10,2,1987,394,1987-01-15
"497",10,3,1987,331,1987-01-29
"498",10,4,1987,336,1987-02-12
"499",10,5,1987,446,1987-02-26
"500",10,6,1987,521,1987-03-12
"501",10,7,1987,476,1987-03-26
"502",10,8,1987,410,1987-04-09
"503",10,9,1987,422,1987-04-23
"504",10,10,1987,484,1987-05-07
"505",10,11,1987,548,1987-05-21
"506",10,12,1987,617,1987-06-04
"507",10,13,1987,712,1987-06-18
"508",10,14,1987,814,1987-07-02
"509",10,15,1987,839,1987-07-16
"510",10,16,1987,771,1987-07-30
"511",10,17,1987,654,1987-08-13
"512",10,18,1987,510,1987-08-27
"513",10,19,1987,397,1987-09-10
"514",10,20,1987,353,1987-09-24
"515",10,21,1987,354,1987-10-08
"516",10,22,1987,375,1987-10-22
"517",10,23,1987,378,1987-11-05
"518",10,24,1987,308,1987-11-19
"519",10,25,1987,197,1987-12-03
"520",10,26,1987,136,1987-12-17
"521",10,1,1988,126,1988-01-01
"522",10,2,1988,121,1988-01-15
"523",10,3,1988,110,1988-01-29
"524",10,4,1988,107,1988-02-12
"525",10,5,1988,117,1988-02-26
"526",10,6,1988,115,1988-03-12
"527",10,7,1988,86,1988-03-26
"528",10,8,1988,55,1988-04-09
"529",10,9,1988,43,1988-04-23
"530",10,10,1988,45,1988-05-07
"531",10,11,1988,50,1988-05-21
"532",10,12,1988,68,1988-06-04
"533",10,13,1988,130,1988-06-18
"534",10,14,1988,218,1988-07-02
"535",10,15,1988,242,1988-07-16
"536",10,16,1988,191,1988-07-30
"537",10,17,1988,139,1988-08-13
"538",10,18,1988,115,1988-08-27
"539",10,19,1988,107,1988-09-10
"540",10,20,1988,108,1988-09-24
"541",10,21,1988,111,1988-10-08
"542",10,22,1988,108,1988-10-22
"543",10,23,1988,100,1988-11-05
"544",10,24,1988,88,1988-11-19
"545",10,25,1988,76,1988-12-03
"546",10,26,1988,70,1988-12-17
"547",10,1,1989,71,1989-01-01
"548",10,2,1989,73,1989-01-15
"549",10,3,1989,73,1989-01-29
"550",10,4,1989,79,1989-02-12
"551",10,5,1989,91,1989-02-26
"552",10,6,1989,108,1989-03-12
"553",10,7,1989,127,1989-03-26
"554",10,8,1989,142,1989-04-09
"555",10,9,1989,147,1989-04-23
"556",10,10,1989,148,1989-05-07
"557",10,11,1989,160,1989-05-21
"558",10,12,1989,179,1989-06-04
"559",10,13,1989,203,1989-06-18
"560",10,14,1989,237,1989-07-02
"561",10,15,1989,319,1989-07-16
"562",10,16,1989,445,1989-07-30
"563",10,17,1989,531,1989-08-13
"564",10,18,1989,548,1989-08-27
"565",10,19,1989,526,1989-09-10
"566",10,20,1989,489,1989-09-24
"567",10,21,1989,478,1989-10-08
"568",10,22,1989,534,1989-10-22
"569",10,23,1989,590,1989-11-05
"570",10,24,1989,540,1989-11-19
"571",10,25,1989,418,1989-12-03
"572",10,26,1989,325,1989-12-17
"573",10,1,1990,271,1990-01-01
"574",10,2,1990,244,1990-01-15
"575",10,3,1990,237,1990-01-29
"576",10,4,1990,230,1990-02-12
"577",10,5,1990,214,1990-02-26
"578",10,6,1990,193,1990-03-12
"579",10,7,1990,168,1990-03-26
"580",10,8,1990,143,1990-04-09
"581",10,9,1990,120,1990-04-23
"582",10,10,1990,107,1990-05-07
"583",10,11,1990,113,1990-05-21
"584",10,12,1990,133,1990-06-04
"585",10,13,1990,153,1990-06-18
"586",10,14,1990,176,1990-07-02
"587",10,15,1990,214,1990-07-16
"588",10,16,1990,263,1990-07-30
"589",10,17,1990,259,1990-08-13
"590",10,18,1990,184,1990-08-27
"591",10,19,1990,100,1990-09-10
"592",10,20,1990,50,1990-09-24
"593",10,21,1990,29,1990-10-08
"594",10,22,1990,35,1990-10-22
"595",10,23,1990,46,1990-11-05
"596",10,24,1990,32,1990-11-19
"597",10,25,1990,13,1990-12-03
"598",10,26,1990,45,1990-12-17
"599",10,1,1991,116,1991-01-01
"600",10,2,1991,141,1991-01-15
"601",10,3,1991,106,1991-01-29
"602",10,4,1991,74,1991-02-12
"603",10,5,1991,70,1991-02-26
"604",10,6,1991,70,1991-03-12
"605",10,7,1991,63,1991-03-26
"606",10,8,1991,51,1991-04-09
"607",10,9,1991,39,1991-04-23
"608",10,10,1991,33,1991-05-07
"609",10,11,1991,42,1991-05-21
"610",10,12,1991,60,1991-06-04
"611",10,13,1991,69,1991-06-18
"612",10,14,1991,69,1991-07-02
"613",10,15,1991,72,1991-07-16
"614",10,16,1991,82,1991-07-30
"615",10,17,1991,96,1991-08-13
"616",10,18,1991,111,1991-08-27
"617",10,19,1991,115,1991-09-10
"618",10,20,1991,100,1991-09-24
"619",10,21,1991,85,1991-10-08
"620",10,22,1991,89,1991-10-22
"621",10,23,1991,98,1991-11-05
"622",10,24,1991,89,1991-11-19
"623",10,25,1991,65,1991-12-03
"624",10,26,1991,46,1991-12-17
"625",10,1,1992,35,1992-01-01
"626",10,2,1992,30,1992-01-15
"627",10,3,1992,32,1992-01-29
"628",10,4,1992,36,1992-02-12
"629",10,5,1992,40,1992-02-26
"630",10,6,1992,40,1992-03-12
"631",10,7,1992,35,1992-03-26
"632",10,8,1992,28,1992-04-09
"633",10,9,1992,23,1992-04-23
"634",10,10,1992,21,1992-05-07
"635",10,11,1992,18,1992-05-21
"636",10,12,1992,16,1992-06-04
"637",10,13,1992,21,1992-06-18
"638",10,14,1992,32,1992-07-02
"639",10,15,1992,47,1992-07-16
"640",10,16,1992,66,1992-07-30
"641",10,17,1992,87,1992-08-13
"642",10,18,1992,111,1992-08-27
"643",10,19,1992,122,1992-09-10
"644",10,20,1992,112,1992-09-24
"645",10,21,1992,103,1992-10-08
"646",10,22,1992,117,1992-10-22
"647",10,23,1992,132,1992-11-05
"648",10,24,1992,110,1992-11-19
"649",10,25,1992,69,1992-12-03
"650",10,26,1992,63,1992-12-17
"651",10,1,1993,86,1993-01-01
"652",10,2,1993,94,1993-01-15
"653",10,3,1993,78,1993-01-29
"654",10,4,1993,70,1993-02-12
"655",10,5,1993,79,1993-02-26
"656",10,6,1993,83,1993-03-12
"657",10,7,1993,71,1993-03-26
"658",10,8,1993,58,1993-04-09
"659",10,9,1993,61,1993-04-23
"660",10,10,1993,71,1993-05-07
"661",10,11,1993,69,1993-05-21
"662",10,12,1993,66,1993-06-04
"663",10,13,1993,85,1993-06-18
"664",10,14,1993,123,1993-07-02
"665",10,15,1993,138,1993-07-16
"666",10,16,1993,128,1993-07-30
"667",10,17,1993,127,1993-08-13
"668",10,18,1993,150,1993-08-27
"669",10,19,1993,175,1993-09-10
"670",10,20,1993,191,1993-09-24
"671",10,21,1993,201,1993-10-08
"672",10,22,1993,211,1993-10-22
"673",10,23,1993,209,1993-11-05
"674",10,24,1993,181,1993-11-19
"675",10,25,1993,134,1993-12-03
"676",10,26,1993,93,1993-12-17
"677",10,1,1994,63,1994-01-01
"678",10,2,1994,54,1994-01-15
"679",10,3,1994,64,1994-01-29
"680",10,4,1994,72,1994-02-12
"681",10,5,1994,70,1994-02-26
"682",10,6,1994,61,1994-03-12
"683",10,7,1994,46,1994-03-26
"684",10,8,1994,37,1994-04-09
"685",10,9,1994,47,1994-04-23
"686",10,10,1994,64,1994-05-07
"687",10,11,1994,67,1994-05-21
"688",10,12,1994,65,1994-06-04
"689",10,13,1994,78,1994-06-18
"690",10,14,1994,105,1994-07-02
"691",10,15,1994,126,1994-07-16
"692",10,16,1994,136,1994-07-30
"693",10,17,1994,127,1994-08-13
"694",10,18,1994,99,1994-08-27
"695",10,19,1994,76,1994-09-10
"696",10,20,1994,70,1994-09-24
"697",10,21,1994,70,1994-10-08
"698",10,22,1994,60,1994-10-22
"699",10,23,1994,49,1994-11-05
"700",10,24,1994,51,1994-11-19
"701",10,25,1994,59,1994-12-03
"702",10,26,1994,55,1994-12-17
"703",10,1,1995,41,1995-01-01
"704",10,2,1995,37,1995-01-15
"705",10,3,1995,46,1995-01-29
"706",10,4,1995,49,1995-02-12
"707",10,5,1995,41,1995-02-26
"708",10,6,1995,31,1995-03-12
"709",10,7,1995,26,1995-03-26
"710",10,8,1995,26,1995-04-09
"711",10,9,1995,32,1995-04-23
"712",10,10,1995,39,1995-05-07
"713",10,11,1995,40,1995-05-21
"714",10,12,1995,37,1995-06-04
"715",10,13,1995,38,1995-06-18
"716",10,14,1995,45,1995-07-02
"717",10,15,1995,66,1995-07-16
"718",10,16,1995,99,1995-07-30
"719",10,17,1995,128,1995-08-13
"720",10,18,1995,143,1995-08-27
"721",10,19,1995,143,1995-09-10
"722",10,20,1995,126,1995-09-24
"723",10,21,1995,103,1995-10-08
"724",10,22,1995,88,1995-10-22
"725",10,23,1995,76,1995-11-05
"726",10,24,1995,64,1995-11-19
"727",10,25,1995,52,1995-12-03
"728",10,26,1995,44,1995-12-17
"729",10,1,1996,40,1996-01-01
"730",10,2,1996,36,1996-01-15
"731",10,3,1996,32,1996-01-29
"732",10,4,1996,31,1996-02-12
"733",10,5,1996,36,1996-02-26
"734",10,6,1996,38,1996-03-12
"735",10,7,1996,32,1996-03-26
"736",10,8,1996,24,1996-04-09
"737",10,9,1996,19,1996-04-23
"738",10,10,1996,25,1996-05-07
"739",10,11,1996,54,1996-05-21
"740",10,12,1996,91,1996-06-04
"741",10,13,1996,96,1996-06-18
"742",10,14,1996,74,1996-07-02
"743",10,15,1996,72,1996-07-16
"744",10,16,1996,95,1996-07-30
"745",10,17,1996,113,1996-08-13
"746",10,18,1996,112,1996-08-27
"747",10,19,1996,108,1996-09-10
"748",10,20,1996,110,1996-09-24
"749",10,21,1996,118,1996-10-08
"750",10,22,1996,133,1996-10-22
"751",10,23,1996,144,1996-11-05
"752",10,24,1996,136,1996-11-19
"753",10,25,1996,115,1996-12-03
"754",10,26,1996,98,1996-12-17
"755",10,1,1997,86,1997-01-01
"756",10,2,1997,80,1997-01-15
"757",10,3,1997,79,1997-01-29
"758",10,4,1997,82,1997-02-12
"759",10,5,1997,88,1997-02-26
"760",10,6,1997,86,1997-03-12
"761",10,7,1997,70,1997-03-26
"762",10,8,1997,55,1997-04-09
"763",10,9,1997,60,1997-04-23
"764",10,10,1997,77,1997-05-07
"765",10,11,1997,96,1997-05-21
"766",10,12,1997,114,1997-06-04
"767",10,13,1997,124,1997-06-18
"768",10,14,1997,139,1997-07-02
"769",10,15,1997,215,1997-07-16
"770",10,16,1997,354,1997-07-30
"771",10,17,1997,481,1997-08-13
"772",10,18,1997,567,1997-08-27
"773",10,19,1997,630,1997-09-10
"774",10,20,1997,682,1997-09-24
"775",10,21,1997,773,1997-10-08
"776",10,22,1997,948,1997-10-22
"777",10,23,1997,1108,1997-11-05
"778",10,24,1997,1094,1997-11-19
"779",10,25,1997,957,1997-12-03
"780",10,26,1997,848,1997-12-17
"781",10,1,1998,779,1998-01-01
"782",10,2,1998,700,1998-01-15
"783",10,3,1998,607,1998-01-29
"784",10,4,1998,566,1998-02-12
"785",10,5,1998,590,1998-02-26
"786",10,6,1998,553,1998-03-12
"787",10,7,1998,378,1998-03-26
"788",10,8,1998,191,1998-04-09
"789",10,9,1998,122,1998-04-23
"790",10,10,1998,133,1998-05-07
"791",10,11,1998,157,1998-05-21
"792",10,12,1998,188,1998-06-04
"793",10,13,1998,221,1998-06-18
"794",10,14,1998,253,1998-07-02
"795",10,15,1998,281,1998-07-16
"796",10,16,1998,303,1998-07-30
"797",10,17,1998,335,1998-08-13
"798",10,18,1998,379,1998-08-27
"799",10,19,1998,415,1998-09-10
"800",10,20,1998,428,1998-09-24
"801",10,21,1998,423,1998-10-08
"802",10,22,1998,406,1998-10-22
"803",10,23,1998,372,1998-11-05
"804",10,24,1998,315,1998-11-19
"805",10,25,1998,250,1998-12-03
"806",10,26,1998,221,1998-12-17
"807",10,1,1999,271,1999-01-01
"808",10,2,1999,148,1999-01-15
"809",10,3,1999,219,1999-01-29
"810",10,4,1999,152,1999-02-12
"811",10,5,1999,218,1999-02-26
"812",10,6,1999,149,1999-03-12
"813",10,7,1999,156,1999-03-26
"814",10,8,1999,116,1999-04-09
"815",10,9,1999,140,1999-04-23
"816",10,10,1999,170,1999-05-07
"817",10,11,1999,225,1999-05-21
"818",10,12,1999,278,1999-06-04
"819",10,13,1999,356,1999-06-18
"820",10,14,1999,307,1999-07-02
"821",10,15,1999,211,1999-07-16
"822",10,16,1999,263,1999-07-30
"823",10,17,1999,251,1999-08-13
"824",10,18,1999,206,1999-08-27
"825",10,19,1999,175,1999-09-10
"826",10,20,1999,130,1999-09-24
"827",10,21,1999,164,1999-10-08
"828",10,22,1999,142,1999-10-22
"829",10,23,1999,124,1999-11-05
"830",10,24,1999,101,1999-11-19
"831",10,25,1999,103,1999-12-03
"832",10,26,1999,58,1999-12-17
"833",10,1,2000,81,2000-01-01
"834",10,2,2000,82,2000-01-15
"835",10,3,2000,64,2000-01-29
"836",10,4,2000,50,2000-02-12
"837",10,5,2000,76,2000-02-26
"838",10,6,2000,76,2000-03-12
"839",10,7,2000,57,2000-03-26
"840",10,8,2000,50,2000-04-09
"841",10,9,2000,57,2000-04-23
"842",10,10,2000,102,2000-05-07
"843",10,11,2000,140,2000-05-21
"844",10,12,2000,165,2000-06-04
"845",10,13,2000,169,2000-06-18
"846",10,14,2000,187,2000-07-02
"847",10,15,2000,227,2000-07-16
"848",10,16,2000,257,2000-07-30
"849",10,17,2000,301,2000-08-13
"850",10,18,2000,290,2000-08-27
"851",10,19,2000,267,2000-09-10
"852",10,20,2000,225,2000-09-24
"853",10,21,2000,262,2000-10-08
"854",10,22,2000,285,2000-10-22
"855",10,23,2000,285,2000-11-05
"856",10,24,2000,294,2000-11-19
"857",10,25,2000,333,2000-12-03
"858",10,26,2000,260,2000-12-17
"859",10,1,2001,386,2001-01-01
"860",10,2,2001,290,2001-01-15
"861",10,3,2001,399,2001-01-29
"862",10,4,2001,423,2001-02-12
"863",10,5,2001,418,2001-02-26
"864",10,6,2001,404,2001-03-12
"865",10,7,2001,467,2001-03-26
"866",10,8,2001,729,2001-04-09
"867",10,9,2001,459,2001-04-23
"868",10,10,2001,532,2001-05-07
"869",10,11,2001,666,2001-05-21
"870",10,12,2001,738,2001-06-04
"871",10,13,2001,938,2001-06-18
"872",10,14,2001,1039,2001-07-02
"873",10,15,2001,993,2001-07-16
"874",10,16,2001,870,2001-07-30
"875",10,17,2001,764,2001-08-13
"876",10,18,2001,689,2001-08-27
"877",10,19,2001,525,2001-09-10
"878",10,20,2001,354,2001-09-24
"879",10,21,2001,385,2001-10-08
"880",10,22,2001,417,2001-10-22
"881",10,23,2001,518,2001-11-05
"882",10,24,2001,366,2001-11-19
"883",10,25,2001,469,2001-12-03
"884",10,26,2001,360,2001-12-17
"885",10,1,2002,339,2002-01-01
"886",10,2,2002,212,2002-01-15
"887",10,3,2002,305,2002-01-29
"888",10,4,2002,203,2002-02-12
"889",10,5,2002,279,2002-02-26
"890",10,6,2002,242,2002-03-12
"891",10,7,2002,237,2002-03-26
"892",10,8,2002,229,2002-04-09
"893",10,9,2002,208,2002-04-23
"894",10,10,2002,229,2002-05-07
"895",10,11,2002,262,2002-05-21
"896",10,12,2002,435,2002-06-04
"897",10,13,2002,500,2002-06-18
"898",10,14,2002,451,2002-07-02
"899",10,15,2002,351,2002-07-16
"900",10,16,2002,340,2002-07-30
"901",10,17,2002,370,2002-08-13
"902",10,18,2002,281,2002-08-27
"903",10,19,2002,259,2002-09-10
"904",10,20,2002,226,2002-09-24
"905",10,21,2002,248,2002-10-08
"906",10,22,2002,363,2002-10-22
"907",10,23,2002,324,2002-11-05
"908",10,24,2002,376,2002-11-19
"909",10,25,2002,420,2002-12-03
"910",10,26,2002,445,2002-12-17
"911",10,1,2003,473,2003-01-01
"912",10,2,2003,354,2003-01-15
"913",10,3,2003,301,2003-01-29
"914",10,4,2003,278,2003-02-12
"915",10,5,2003,270,2003-02-26
"916",10,6,2003,203,2003-03-12
"917",10,7,2003,189,2003-03-26
"918",10,8,2003,235,2003-04-09
"919",10,9,2003,212,2003-04-23
"920",10,10,2003,201,2003-05-07
"921",10,11,2003,196,2003-05-21
"922",10,12,2003,226,2003-06-04
"923",10,13,2003,183,2003-06-18
"924",10,14,2003,242,2003-07-02
"925",10,15,2003,245,2003-07-16
"926",10,16,2003,289,2003-07-30
"927",10,17,2003,316,2003-08-13
"928",10,18,2003,328,2003-08-27
"929",10,19,2003,314,2003-09-10
"930",10,20,2003,239,2003-09-24
"931",10,21,2003,309,2003-10-08
"932",10,22,2003,379,2003-10-22
"933",10,23,2003,423,2003-11-05
"934",10,24,2003,289,2003-11-19
"935",10,25,2003,249,2003-12-03
"936",10,26,2003,135,2003-12-17
"937",10,1,2004,135,2004-01-01
"938",10,2,2004,119,2004-01-15
"939",10,3,2004,91,2004-01-29
"940",10,4,2004,67,2004-02-12
"941",10,5,2004,133,2004-02-26
"942",10,6,2004,138,2004-03-12
"943",10,7,2004,93,2004-03-26
"944",10,8,2004,78,2004-04-09
"945",10,9,2004,64,2004-04-23
"946",10,10,2004,71,2004-05-07
"947",10,11,2004,79,2004-05-21
"948",10,12,2004,116,2004-06-04
"949",10,13,2004,102,2004-06-18
"950",10,14,2004,260,2004-07-02
"951",10,15,2004,231,2004-07-16
"952",10,16,2004,349,2004-07-30
"953",10,17,2004,236,2004-08-13
"954",10,18,2004,294,2004-08-27
"955",10,19,2004,321,2004-09-10
"956",10,20,2004,218,2004-09-24
"957",10,21,2004,322,2004-10-08
"958",10,22,2004,191,2004-10-22
"959",10,23,2004,414,2004-11-05
"960",10,24,2004,107,2004-11-19
"961",10,25,2004,226,2004-12-03
"962",10,26,2004,61,2004-12-17
"963",10,1,2005,161,2005-01-01
"964",10,2,2005,144,2005-01-15
"965",10,3,2005,133,2005-01-29
"966",10,4,2005,109,2005-02-12
"967",10,5,2005,131,2005-02-26
"968",10,6,2005,71,2005-03-12
"969",10,7,2005,53,2005-03-26
"970",10,8,2005,82,2005-04-09
"971",10,9,2005,221,2005-04-23
"972",10,10,2005,465,2005-05-07
"973",10,11,2005,157,2005-05-21
"974",10,12,2005,318,2005-06-04
"975",10,13,2005,232,2005-06-18
"976",10,14,2005,287,2005-07-02
"977",10,15,2005,239,2005-07-16
"978",10,16,2005,291,2005-07-30
"979",10,17,2005,172,2005-08-13
"980",10,18,2005,258,2005-08-27
"981",10,19,2005,218,2005-09-10
"982",10,20,2005,237,2005-09-24
"983",10,21,2005,178,2005-10-08
"984",10,22,2005,166,2005-10-22
"985",10,23,2005,316,2005-11-05
"986",10,24,2005,94,2005-11-19
"987",10,25,2005,224,2005-12-03
"988",10,26,2005,8,2005-12-17
"989",10,1,2006,265,2006-01-01
"990",10,2,2006,162,2006-01-15
"991",10,3,2006,211,2006-01-29
"992",10,4,2006,113,2006-02-12
"993",10,5,2006,165,2006-02-26
"994",10,6,2006,146,2006-03-12
"995",10,7,2006,137,2006-03-26
"996",10,8,2006,117,2006-04-09
"997",10,9,2006,74,2006-04-23
"998",10,10,2006,406,2006-05-07
"999",10,11,2006,335,2006-05-21
"1000",10,12,2006,450,2006-06-04
"1001",10,13,2006,332,2006-06-18
"1002",10,14,2006,533,2006-07-02
"1003",10,15,2006,166,2006-07-16
"1004",10,16,2006,475,2006-07-30
"1005",10,17,2006,77,2006-08-13
"1006",10,18,2006,335,2006-08-27
"1007",10,19,2006,280,2006-09-10
"1008",10,20,2006,260,2006-09-24
"1009",10,21,2006,291,2006-10-08
"1010",10,22,2006,206,2006-10-22
"1011",10,23,2006,382,2006-11-05
"1012",10,24,2006,94,2006-11-19
"1013",10,25,2006,429,2006-12-03
"1014",10,26,2006,173,2006-12-17
"1015",10,1,2007,310,2007-01-01
"1016",10,2,2007,192,2007-01-15
"1017",10,3,2007,137,2007-01-29
"1018",10,4,2007,121,2007-02-12
"1019",10,5,2007,132,2007-02-26
"1020",10,6,2007,104,2007-03-12
"1021",10,7,2007,100,2007-03-26
"1022",10,8,2007,122,2007-04-09
"1023",10,9,2007,104,2007-04-23
"1024",10,10,2007,160,2007-05-07
"1025",10,11,2007,224,2007-05-21
"1026",10,12,2007,312,2007-06-04
"1027",10,13,2007,255,2007-06-18
"1028",10,14,2007,365,2007-07-02
"1029",10,15,2007,202,2007-07-16
"1030",10,16,2007,388,2007-07-30
"1031",10,17,2007,229,2007-08-13
"1032",10,18,2007,244,2007-08-27
"1033",10,19,2007,404,2007-09-10
"1034",10,20,2007,278,2007-09-24
"1035",10,21,2007,302,2007-10-08
"1036",10,22,2007,373,2007-10-22
"1037",10,23,2007,382,2007-11-05
"1038",10,24,2007,319,2007-11-19
"1039",10,25,2007,264,2007-12-03
"1040",10,26,2007,167,2007-12-17
"1041",10,1,2008,235,2008-01-01
"1042",10,2,2008,208,2008-01-15
"1043",10,3,2008,242,2008-01-29
"1044",10,4,2008,210,2008-02-12
"1045",10,5,2008,291,2008-02-26
"1046",10,6,2008,179,2008-03-12
"1047",10,7,2008,203,2008-03-26
"1048",10,8,2008,308,2008-04-09
"1049",10,9,2008,210,2008-04-23
"1050",10,10,2008,276,2008-05-07
"1051",10,11,2008,324,2008-05-21
"1052",10,12,2008,393,2008-06-04
"1053",10,13,2008,429,2008-06-18
"1054",10,14,2008,543,2008-07-02
"1055",10,15,2008,462,2008-07-16
"1056",10,16,2008,782,2008-07-30
"1057",10,17,2008,450,2008-08-13
"1058",10,18,2008,307,2008-08-27
"1059",10,19,2008,210,2008-09-10
"1060",10,20,2008,404,2008-09-24
"1061",10,21,2008,624,2008-10-08
"1062",10,22,2008,462,2008-10-22
"1063",10,23,2008,583,2008-11-05
"1064",10,24,2008,296,2008-11-19
"1065",10,25,2008,408,2008-12-03
"1066",10,26,2008,172,2008-12-17
"1067",10,1,2009,198,2009-01-01
"1068",10,2,2009,122,2009-01-15
"1069",10,3,2009,145,2009-01-29
"1070",10,4,2009,93,2009-02-12
"1071",10,5,2009,92,2009-02-26
"1072",10,6,2009,109,2009-03-12
"1073",10,7,2009,67,2009-03-26
"1074",10,8,2009,117,2009-04-09
"1075",10,9,2009,100,2009-04-23
"1076",10,10,2009,116,2009-05-07
"1077",10,11,2009,189,2009-05-21
"1078",10,12,2009,230,2009-06-04
"1079",10,13,2009,318,2009-06-18
"1080",10,14,2009,177,2009-07-02
"1081",10,15,2009,277,2009-07-16
"1082",10,16,2009,302,2009-07-30
"1083",10,17,2009,281,2009-08-13
"1084",10,18,2009,234,2009-08-27
"1085",10,19,2009,261,2009-09-10
"1086",10,20,2009,275,2009-09-24
"1087",10,21,2009,268,2009-10-08
"1088",10,22,2009,334,2009-10-22
"1089",10,23,2009,397,2009-11-05
"1090",10,24,2009,338,2009-11-19
"1091",10,25,2009,331,2009-12-03
"1092",10,26,2009,284,2009-12-17
"1093",10,1,2010,462,2010-01-01
"1094",10,2,2010,308,2010-01-15
"1095",10,3,2010,419,2010-01-29
"1096",10,4,2010,459,2010-02-12
"1097",10,5,2010,442,2010-02-26
"1098",10,6,2010,390,2010-03-12
"1099",10,7,2010,214,2010-03-26
"1100",10,8,2010,269,2010-04-09
"1101",10,9,2010,128,2010-04-23
"1102",10,10,2010,107,2010-05-07
"1103",10,11,2010,160,2010-05-21
"1104",10,12,2010,299,2010-06-04
"1105",10,13,2010,412,2010-06-18
"1106",10,14,2010,429,2010-07-02
"1107",10,15,2010,448,2010-07-16
"1108",10,16,2010,400,2010-07-30
"1109",10,17,2010,465,2010-08-13
"1110",10,18,2010,534,2010-08-27
"1111",10,19,2010,545,2010-09-10
"1112",10,20,2010,542,2010-09-24
"1113",10,21,2010,489,2010-10-08
"1114",10,22,2010,549,2010-10-22
"1115",10,23,2010,532,2010-11-05
"1116",10,24,2010,427,2010-11-19
"1117",10,25,2010,349,2010-12-03
"1118",10,26,2010,162,2010-12-17
"1119",10,1,2011,264,2011-01-01
"1120",10,2,2011,171,2011-01-15
"1121",10,3,2011,140,2011-01-29
"1122",10,4,2011,141,2011-02-12
"1123",10,5,2011,115,2011-02-26
"1124",10,6,2011,115,2011-03-12
"1125",10,7,2011,111,2011-03-26
"1126",10,8,2011,175,2011-04-09
"1127",10,9,2011,216,2011-04-23
"1128",10,10,2011,321,2011-05-07
"1129",10,11,2011,430,2011-05-21
"1130",10,12,2011,435,2011-06-04
"1131",10,13,2011,508,2011-06-18
"1132",10,14,2011,477,2011-07-02
"1133",10,15,2011,393,2011-07-16
"1134",10,16,2011,346,2011-07-30
"1135",10,17,2011,365,2011-08-13
"1136",10,18,2011,320,2011-08-27
"1137",10,19,2011,214,2011-09-10
"1138",10,20,2011,190,2011-09-24
"1139",10,21,2011,206,2011-10-08
"1140",10,22,2011,271,2011-10-22
"1141",10,23,2011,366,2011-11-05
"1142",10,24,2011,351,2011-11-19
"1143",10,25,2011,236,2011-12-03
"1144",10,26,2011,85,2011-12-17
"1145",10,1,2012,112,2012-01-01
"1146",10,2,2012,80,2012-01-15
"1147",10,3,2012,85,2012-01-29
"1148",10,4,2012,95,2012-02-12
"1149",10,5,2012,102,2012-02-26
"1150",10,6,2012,81,2012-03-12
"1151",10,7,2012,53,2012-03-26
"1152",10,8,2012,89,2012-04-09
"1153",10,9,2012,83,2012-04-23
"1154",10,10,2012,61,2012-05-07
"1155",10,11,2012,60,2012-05-21
"1156",10,12,2012,83,2012-06-04
"1157",10,13,2012,133,2012-06-18
"1158",10,14,2012,157,2012-07-02
"1159",10,15,2012,218,2012-07-16
"1160",10,16,2012,280,2012-07-30
"1161",10,17,2012,261,2012-08-13
"1162",10,18,2012,297,2012-08-27
"1163",10,19,2012,309,2012-09-10
"1164",10,20,2012,334,2012-09-24
"1165",10,21,2012,427,2012-10-08
"1166",10,22,2012,638,2012-10-22
"1167",10,23,2012,636,2012-11-05
"1168",10,24,2012,616,2012-11-19
"1169",10,25,2012,569,2012-12-03
"1170",10,26,2012,381,2012-12-17
"1171",10,1,2013,1050,2013-01-01
"1172",10,2,2013,683,2013-01-15
"1173",10,3,2013,543,2013-01-29
"1174",10,4,2013,437,2013-02-12
"1175",10,5,2013,347,2013-02-26
"1176",10,6,2013,314,2013-03-12
"1177",10,7,2013,281,2013-03-26
"1178",10,8,2013,345,2013-04-09
"1179",10,9,2013,321,2013-04-23
"1180",10,10,2013,286,2013-05-07
"1181",10,11,2013,387,2013-05-21
"1182",10,12,2013,534,2013-06-04
"1183",10,13,2013,687,2013-06-18
"1184",10,14,2013,898,2013-07-02
"1185",10,15,2013,1108,2013-07-16
"1186",10,16,2013,944,2013-07-30
"1187",10,17,2013,1144,2013-08-13
"1188",10,18,2013,1098,2013-08-27
"1189",10,19,2013,797,2013-09-10
"1190",10,20,2013,746,2013-09-24
"1191",10,21,2013,796,2013-10-08
"1192",10,22,2013,985,2013-10-22
"1193",10,23,2013,951,2013-11-05
"1194",10,24,2013,723,2013-11-19
"1195",10,25,2013,413,2013-12-03
"1196",10,26,2013,128,2013-12-17
"1197",10,1,2014,336,2014-01-01
"1198",10,2,2014,374,2014-01-15
"1199",10,3,2014,367,2014-01-29
"1200",10,4,2014,264,2014-02-12
"1201",10,5,2014,206,2014-02-26
"1202",10,6,2014,230,2014-03-12
"1203",10,7,2014,134,2014-03-26
"1204",10,8,2014,178,2014-04-09
"1205",10,9,2014,104,2014-04-23
"1206",10,10,2014,184,2014-05-07
"1207",10,11,2014,142,2014-05-21
"1208",10,12,2014,149,2014-06-04
"1209",10,13,2014,201,2014-06-18
"1210",10,14,2014,277,2014-07-02
"1211",10,15,2014,376,2014-07-16
"1212",10,16,2014,272,2014-07-30
"1213",10,17,2014,313,2014-08-13
"1214",10,18,2014,377,2014-08-27
"1215",10,19,2014,314,2014-09-10
"1216",10,20,2014,357,2014-09-24
"1217",10,21,2014,337,2014-10-08
"1218",10,22,2014,338,2014-10-22
"1219",10,23,2014,416,2014-11-05
"1220",10,24,2014,320,2014-11-19
"1221",10,25,2014,211,2014-12-03
"1222",10,26,2014,19,2014-12-17
"1223",10,1,2015,263,2015-01-01
"1224",10,2,2015,157,2015-01-15
"1225",10,3,2015,140,2015-01-29
"1226",10,4,2015,119,2015-02-12
"1227",10,5,2015,125,2015-02-26
"1228",10,6,2015,115,2015-03-12
"1229",10,7,2015,81,2015-03-26
"1230",10,8,2015,113,2015-04-09
"1231",10,9,2015,154,2015-04-23
"1232",10,10,2015,271,2015-05-07
"1233",10,11,2015,333,2015-05-21
"1234",10,12,2015,324,2015-06-04
"1235",10,13,2015,272,2015-06-18
"1236",10,14,2015,422,2015-07-02
"1237",10,15,2015,431,2015-07-16
"1238",10,16,2015,502,2015-07-30
"1239",10,17,2015,649,2015-08-13
"1240",10,18,2015,804,2015-08-27
"1241",10,19,2015,708,2015-09-10
"1242",10,20,2015,798,2015-09-24
"1243",10,21,2015,796,2015-10-08
"1244",10,22,2015,1342,2015-10-22
"1245",10,23,2015,2088,2015-11-05
"1246",10,24,2015,1887,2015-11-19
"1247",50,1,1968,0,1968-01-01
"1248",50,2,1968,0,1968-01-15
"1249",50,3,1968,0,1968-01-29
"1250",50,4,1968,0,1968-02-12
"1251",50,5,1968,0,1968-02-26
"1252",50,6,1968,0,1968-03-12
"1253",50,7,1968,0,1968-03-26
"1254",50,8,1968,0,1968-04-09
"1255",50,9,1968,0,1968-04-23
"1256",50,10,1968,0,1968-05-07
"1257",50,11,1968,0,1968-05-21
"1258",50,12,1968,1,1968-06-04
"1259",50,13,1968,0,1968-06-18
"1260",50,14,1968,0,1968-07-02
"1261",50,15,1968,0,1968-07-16
"1262",50,16,1968,0,1968-07-30
"1263",50,17,1968,0,1968-08-13
"1264",50,18,1968,0,1968-08-27
"1265",50,19,1968,0,1968-09-10
"1266",50,20,1968,0,1968-09-24
"1267",50,21,1968,0,1968-10-08
"1268",50,22,1968,0,1968-10-22
"1269",50,23,1968,0,1968-11-05
"1270",50,24,1968,0,1968-11-19
"1271",50,25,1968,0,1968-12-03
"1272",50,26,1968,0,1968-12-17
"1273",50,1,1969,0,1969-01-01
"1274",50,2,1969,0,1969-01-15
"1275",50,3,1969,0,1969-01-29
"1276",50,4,1969,0,1969-02-12
"1277",50,5,1969,0,1969-02-26
"1278",50,6,1969,0,1969-03-12
"1279",50,7,1969,0,1969-03-26
"1280",50,8,1969,0,1969-04-09
"1281",50,9,1969,0,1969-04-23
"1282",50,10,1969,2,1969-05-07
"1283",50,11,1969,7,1969-05-21
"1284",50,12,1969,16,1969-06-04
"1285",50,13,1969,19,1969-06-18
"1286",50,14,1969,16,1969-07-02
"1287",50,15,1969,12,1969-07-16
"1288",50,16,1969,7,1969-07-30
"1289",50,17,1969,3,1969-08-13
"1290",50,18,1969,0,1969-08-27
"1291",50,19,1969,0,1969-09-10
"1292",50,20,1969,0,1969-09-24
"1293",50,21,1969,1,1969-10-08
"1294",50,22,1969,0,1969-10-22
"1295",50,23,1969,0,1969-11-05
"1296",50,24,1969,0,1969-11-19
"1297",50,25,1969,0,1969-12-03
"1298",50,26,1969,0,1969-12-17
"1299",50,1,1970,0,1970-01-01
"1300",50,2,1970,0,1970-01-15
"1301",50,3,1970,0,1970-01-29
"1302",50,4,1970,1,1970-02-12
"1303",50,5,1970,0,1970-02-26
"1304",50,6,1970,0,1970-03-12
"1305",50,7,1970,0,1970-03-26
"1306",50,8,1970,0,1970-04-09
"1307",50,9,1970,0,1970-04-23
"1308",50,10,1970,0,1970-05-07
"1309",50,11,1970,0,1970-05-21
"1310",50,12,1970,0,1970-06-04
"1311",50,13,1970,0,1970-06-18
"1312",50,14,1970,0,1970-07-02
"1313",50,15,1970,1,1970-07-16
"1314",50,16,1970,0,1970-07-30
"1315",50,17,1970,0,1970-08-13
"1316",50,18,1970,0,1970-08-27
"1317",50,19,1970,1,1970-09-10
"1318",50,20,1970,0,1970-09-24
"1319",50,21,1970,0,1970-10-08
"1320",50,22,1970,0,1970-10-22
"1321",50,23,1970,0,1970-11-05
"1322",50,24,1970,0,1970-11-19
"1323",50,25,1970,0,1970-12-03
"1324",50,26,1970,0,1970-12-17
"1325",50,1,1971,0,1971-01-01
"1326",50,2,1971,0,1971-01-15
"1327",50,3,1971,0,1971-01-29
"1328",50,4,1971,0,1971-02-12
"1329",50,5,1971,0,1971-02-26
"1330",50,6,1971,0,1971-03-12
"1331",50,7,1971,0,1971-03-26
"1332",50,8,1971,1,1971-04-09
"1333",50,9,1971,0,1971-04-23
"1334",50,10,1971,0,1971-05-07
"1335",50,11,1971,0,1971-05-21
"1336",50,12,1971,0,1971-06-04
"1337",50,13,1971,0,1971-06-18
"1338",50,14,1971,1,1971-07-02
"1339",50,15,1971,2,1971-07-16
"1340",50,16,1971,3,1971-07-30
"1341",50,17,1971,3,1971-08-13
"1342",50,18,1971,2,1971-08-27
"1343",50,19,1971,1,1971-09-10
"1344",50,20,1971,0,1971-09-24
"1345",50,21,1971,0,1971-10-08
"1346",50,22,1971,0,1971-10-22
"1347",50,23,1971,0,1971-11-05
"1348",50,24,1971,0,1971-11-19
"1349",50,25,1971,1,1971-12-03
"1350",50,26,1971,0,1971-12-17
"1351",50,1,1972,0,1972-01-01
"1352",50,2,1972,0,1972-01-15
"1353",50,3,1972,0,1972-01-29
"1354",50,4,1972,0,1972-02-12
"1355",50,5,1972,0,1972-02-26
"1356",50,6,1972,0,1972-03-12
"1357",50,7,1972,0,1972-03-26
"1358",50,8,1972,1,1972-04-09
"1359",50,9,1972,0,1972-04-23
"1360",50,10,1972,0,1972-05-07
"1361",50,11,1972,0,1972-05-21
"1362",50,12,1972,12,1972-06-04
"1363",50,13,1972,28,1972-06-18
"1364",50,14,1972,39,1972-07-02
"1365",50,15,1972,38,1972-07-16
"1366",50,16,1972,21,1972-07-30
"1367",50,17,1972,9,1972-08-13
"1368",50,18,1972,9,1972-08-27
"1369",50,19,1972,11,1972-09-10
"1370",50,20,1972,9,1972-09-24
"1371",50,21,1972,4,1972-10-08
"1372",50,22,1972,2,1972-10-22
"1373",50,23,1972,0,1972-11-05
"1374",50,24,1972,0,1972-11-19
"1375",50,25,1972,1,1972-12-03
"1376",50,26,1972,0,1972-12-17
"1377",50,1,1973,0,1973-01-01
"1378",50,2,1973,0,1973-01-15
"1379",50,3,1973,0,1973-01-29
"1380",50,4,1973,0,1973-02-12
"1381",50,5,1973,0,1973-02-26
"1382",50,6,1973,0,1973-03-12
"1383",50,7,1973,0,1973-03-26
"1384",50,8,1973,0,1973-04-09
"1385",50,9,1973,0,1973-04-23
"1386",50,10,1973,1,1973-05-07
"1387",50,11,1973,5,1973-05-21
"1388",50,12,1973,15,1973-06-04
"1389",50,13,1973,33,1973-06-18
"1390",50,14,1973,55,1973-07-02
"1391",50,15,1973,68,1973-07-16
"1392",50,16,1973,69,1973-07-30
"1393",50,17,1973,61,1973-08-13
"1394",50,18,1973,47,1973-08-27
"1395",50,19,1973,31,1973-09-10
"1396",50,20,1973,18,1973-09-24
"1397",50,21,1973,8,1973-10-08
"1398",50,22,1973,3,1973-10-22
"1399",50,23,1973,1,1973-11-05
"1400",50,24,1973,1,1973-11-19
"1401",50,25,1973,1,1973-12-03
"1402",50,26,1973,1,1973-12-17
"1403",50,1,1974,0,1974-01-01
"1404",50,2,1974,0,1974-01-15
"1405",50,3,1974,0,1974-01-29
"1406",50,4,1974,0,1974-02-12
"1407",50,5,1974,0,1974-02-26
"1408",50,6,1974,0,1974-03-12
"1409",50,7,1974,0,1974-03-26
"1410",50,8,1974,0,1974-04-09
"1411",50,9,1974,0,1974-04-23
"1412",50,10,1974,1,1974-05-07
"1413",50,11,1974,0,1974-05-21
"1414",50,12,1974,0,1974-06-04
"1415",50,13,1974,3,1974-06-18
"1416",50,14,1974,13,1974-07-02
"1417",50,15,1974,19,1974-07-16
"1418",50,16,1974,11,1974-07-30
"1419",50,17,1974,5,1974-08-13
"1420",50,18,1974,4,1974-08-27
"1421",50,19,1974,5,1974-09-10
"1422",50,20,1974,5,1974-09-24
"1423",50,21,1974,4,1974-10-08
"1424",50,22,1974,1,1974-10-22
"1425",50,23,1974,0,1974-11-05
"1426",50,24,1974,0,1974-11-19
"1427",50,25,1974,0,1974-12-03
"1428",50,26,1974,0,1974-12-17
"1429",50,1,1975,0,1975-01-01
"1430",50,2,1975,0,1975-01-15
"1431",50,3,1975,0,1975-01-29
"1432",50,4,1975,1,1975-02-12
"1433",50,5,1975,0,1975-02-26
"1434",50,6,1975,0,1975-03-12
"1435",50,7,1975,0,1975-03-26
"1436",50,8,1975,1,1975-04-09
"1437",50,9,1975,0,1975-04-23
"1438",50,10,1975,0,1975-05-07
"1439",50,11,1975,0,1975-05-21
"1440",50,12,1975,8,1975-06-04
"1441",50,13,1975,17,1975-06-18
"1442",50,14,1975,25,1975-07-02
"1443",50,15,1975,39,1975-07-16
"1444",50,16,1975,54,1975-07-30
"1445",50,17,1975,53,1975-08-13
"1446",50,18,1975,33,1975-08-27
"1447",50,19,1975,14,1975-09-10
"1448",50,20,1975,9,1975-09-24
"1449",50,21,1975,10,1975-10-08
"1450",50,22,1975,8,1975-10-22
"1451",50,23,1975,4,1975-11-05
"1452",50,24,1975,1,1975-11-19
"1453",50,25,1975,0,1975-12-03
"1454",50,26,1975,0,1975-12-17
"1455",50,1,1976,0,1976-01-01
"1456",50,2,1976,0,1976-01-15
"1457",50,3,1976,0,1976-01-29
"1458",50,4,1976,0,1976-02-12
"1459",50,5,1976,0,1976-02-26
"1460",50,6,1976,0,1976-03-12
"1461",50,7,1976,0,1976-03-26
"1462",50,8,1976,0,1976-04-09
"1463",50,9,1976,0,1976-04-23
"1464",50,10,1976,4,1976-05-07
"1465",50,11,1976,4,1976-05-21
"1466",50,12,1976,2,1976-06-04
"1467",50,13,1976,4,1976-06-18
"1468",50,14,1976,8,1976-07-02
"1469",50,15,1976,12,1976-07-16
"1470",50,16,1976,15,1976-07-30
"1471",50,17,1976,18,1976-08-13
"1472",50,18,1976,20,1976-08-27
"1473",50,19,1976,21,1976-09-10
"1474",50,20,1976,22,1976-09-24
"1475",50,21,1976,20,1976-10-08
"1476",50,22,1976,17,1976-10-22
"1477",50,23,1976,13,1976-11-05
"1478",50,24,1976,8,1976-11-19
"1479",50,25,1976,4,1976-12-03
"1480",50,26,1976,2,1976-12-17
"1481",50,1,1977,1,1977-01-01
"1482",50,2,1977,0,1977-01-15
"1483",50,3,1977,1,1977-01-29
"1484",50,4,1977,1,1977-02-12
"1485",50,5,1977,0,1977-02-26
"1486",50,6,1977,0,1977-03-12
"1487",50,7,1977,0,1977-03-26
"1488",50,8,1977,1,1977-04-09
"1489",50,9,1977,5,1977-04-23
"1490",50,10,1977,10,1977-05-07
"1491",50,11,1977,14,1977-05-21
"1492",50,12,1977,22,1977-06-04
"1493",50,13,1977,55,1977-06-18
"1494",50,14,1977,103,1977-07-02
"1495",50,15,1977,111,1977-07-16
"1496",50,16,1977,75,1977-07-30
"1497",50,17,1977,41,1977-08-13
"1498",50,18,1977,30,1977-08-27
"1499",50,19,1977,26,1977-09-10
"1500",50,20,1977,21,1977-09-24
"1501",50,21,1977,16,1977-10-08
"1502",50,22,1977,11,1977-10-22
"1503",50,23,1977,7,1977-11-05
"1504",50,24,1977,3,1977-11-19
"1505",50,25,1977,1,1977-12-03
"1506",50,26,1977,0,1977-12-17
"1507",50,1,1978,0,1978-01-01
"1508",50,2,1978,0,1978-01-15
"1509",50,3,1978,0,1978-01-29
"1510",50,4,1978,0,1978-02-12
"1511",50,5,1978,0,1978-02-26
"1512",50,6,1978,0,1978-03-12
"1513",50,7,1978,0,1978-03-26
"1514",50,8,1978,0,1978-04-09
"1515",50,9,1978,0,1978-04-23
"1516",50,10,1978,0,1978-05-07
"1517",50,11,1978,1,1978-05-21
"1518",50,12,1978,1,1978-06-04
"1519",50,13,1978,2,1978-06-18
"1520",50,14,1978,2,1978-07-02
"1521",50,15,1978,3,1978-07-16
"1522",50,16,1978,4,1978-07-30
"1523",50,17,1978,4,1978-08-13
"1524",50,18,1978,1,1978-08-27
"1525",50,19,1978,0,1978-09-10
"1526",50,20,1978,0,1978-09-24
"1527",50,21,1978,1,1978-10-08
"1528",50,22,1978,0,1978-10-22
"1529",50,23,1978,0,1978-11-05
"1530",50,24,1978,0,1978-11-19
"1531",50,25,1978,0,1978-12-03
"1532",50,26,1978,0,1978-12-17
"1533",50,1,1979,0,1979-01-01
"1534",50,2,1979,0,1979-01-15
"1535",50,3,1979,0,1979-01-29
"1536",50,4,1979,0,1979-02-12
"1537",50,5,1979,0,1979-02-26
"1538",50,6,1979,0,1979-03-12
"1539",50,7,1979,0,1979-03-26
"1540",50,8,1979,1,1979-04-09
"1541",50,9,1979,0,1979-04-23
"1542",50,10,1979,1,1979-05-07
"1543",50,11,1979,3,1979-05-21
"1544",50,12,1979,9,1979-06-04
"1545",50,13,1979,6,1979-06-18
"1546",50,14,1979,8,1979-07-02
"1547",50,15,1979,53,1979-07-16
"1548",50,16,1979,177,1979-07-30
"1549",50,17,1979,207,1979-08-13
"1550",50,18,1979,25,1979-08-27
"1551",50,19,1979,2,1979-09-10
"1552",50,20,1979,0,1979-09-24
"1553",50,21,1979,2,1979-10-08
"1554",50,22,1979,2,1979-10-22
"1555",50,23,1979,1,1979-11-05
"1556",50,24,1979,0,1979-11-19
"1557",50,25,1979,0,1979-12-03
"1558",50,26,1979,1,1979-12-17
"1559",50,1,1980,1,1980-01-01
"1560",50,2,1980,0,1980-01-15
"1561",50,3,1980,0,1980-01-29
"1562",50,4,1980,0,1980-02-12
"1563",50,5,1980,0,1980-02-26
"1564",50,6,1980,0,1980-03-12
"1565",50,7,1980,0,1980-03-26
"1566",50,8,1980,0,1980-04-09
"1567",50,9,1980,1,1980-04-23
"1568",50,10,1980,6,1980-05-07
"1569",50,11,1980,5,1980-05-21
"1570",50,12,1980,9,1980-06-04
"1571",50,13,1980,42,1980-06-18
"1572",50,14,1980,95,1980-07-02
"1573",50,15,1980,118,1980-07-16
"1574",50,16,1980,101,1980-07-30
"1575",50,17,1980,72,1980-08-13
"1576",50,18,1980,44,1980-08-27
"1577",50,19,1980,21,1980-09-10
"1578",50,20,1980,3,1980-09-24
"1579",50,21,1980,0,1980-10-08
"1580",50,22,1980,0,1980-10-22
"1581",50,23,1980,0,1980-11-05
"1582",50,24,1980,0,1980-11-19
"1583",50,25,1980,0,1980-12-03
"1584",50,26,1980,0,1980-12-17
"1585",50,1,1981,0,1981-01-01
"1586",50,2,1981,0,1981-01-15
"1587",50,3,1981,0,1981-01-29
"1588",50,4,1981,1,1981-02-12
"1589",50,5,1981,0,1981-02-26
"1590",50,6,1981,0,1981-03-12
"1591",50,7,1981,0,1981-03-26
"1592",50,8,1981,1,1981-04-09
"1593",50,9,1981,1,1981-04-23
"1594",50,10,1981,3,1981-05-07
"1595",50,11,1981,15,1981-05-21
"1596",50,12,1981,77,1981-06-04
"1597",50,13,1981,110,1981-06-18
"1598",50,14,1981,97,1981-07-02
"1599",50,15,1981,73,1981-07-16
"1600",50,16,1981,39,1981-07-30
"1601",50,17,1981,15,1981-08-13
"1602",50,18,1981,8,1981-08-27
"1603",50,19,1981,6,1981-09-10
"1604",50,20,1981,2,1981-09-24
"1605",50,21,1981,0,1981-10-08
"1606",50,22,1981,0,1981-10-22
"1607",50,23,1981,0,1981-11-05
"1608",50,24,1981,0,1981-11-19
"1609",50,25,1981,0,1981-12-03
"1610",50,26,1981,0,1981-12-17
"1611",50,1,1982,0,1982-01-01
"1612",50,2,1982,1,1982-01-15
"1613",50,3,1982,2,1982-01-29
"1614",50,4,1982,1,1982-02-12
"1615",50,5,1982,0,1982-02-26
"1616",50,6,1982,0,1982-03-12
"1617",50,7,1982,0,1982-03-26
"1618",50,8,1982,0,1982-04-09
"1619",50,9,1982,0,1982-04-23
"1620",50,10,1982,0,1982-05-07
"1621",50,11,1982,1,1982-05-21
"1622",50,12,1982,7,1982-06-04
"1623",50,13,1982,11,1982-06-18
"1624",50,14,1982,10,1982-07-02
"1625",50,15,1982,8,1982-07-16
"1626",50,16,1982,6,1982-07-30
"1627",50,17,1982,5,1982-08-13
"1628",50,18,1982,4,1982-08-27
"1629",50,19,1982,3,1982-09-10
"1630",50,20,1982,2,1982-09-24
"1631",50,21,1982,1,1982-10-08
"1632",50,22,1982,0,1982-10-22
"1633",50,23,1982,0,1982-11-05
"1634",50,24,1982,0,1982-11-19
"1635",50,25,1982,0,1982-12-03
"1636",50,26,1982,0,1982-12-17
"1637",50,1,1983,0,1983-01-01
"1638",50,2,1983,1,1983-01-15
"1639",50,3,1983,1,1983-01-29
"1640",50,4,1983,0,1983-02-12
"1641",50,5,1983,0,1983-02-26
"1642",50,6,1983,0,1983-03-12
"1643",50,7,1983,0,1983-03-26
"1644",50,8,1983,0,1983-04-09
"1645",50,9,1983,0,1983-04-23
"1646",50,10,1983,2,1983-05-07
"1647",50,11,1983,1,1983-05-21
"1648",50,12,1983,6,1983-06-04
"1649",50,13,1983,29,1983-06-18
"1650",50,14,1983,72,1983-07-02
"1651",50,15,1983,121,1983-07-16
"1652",50,16,1983,166,1983-07-30
"1653",50,17,1983,168,1983-08-13
"1654",50,18,1983,116,1983-08-27
"1655",50,19,1983,58,1983-09-10
"1656",50,20,1983,21,1983-09-24
"1657",50,21,1983,6,1983-10-08
"1658",50,22,1983,0,1983-10-22
"1659",50,23,1983,0,1983-11-05
"1660",50,24,1983,0,1983-11-19
"1661",50,25,1983,0,1983-12-03
"1662",50,26,1983,0,1983-12-17
"1663",50,1,1984,0,1984-01-01
"1664",50,2,1984,0,1984-01-15
"1665",50,3,1984,0,1984-01-29
"1666",50,4,1984,0,1984-02-12
"1667",50,5,1984,0,1984-02-26
"1668",50,6,1984,0,1984-03-12
"1669",50,7,1984,0,1984-03-26
"1670",50,8,1984,0,1984-04-09
"1671",50,9,1984,0,1984-04-23
"1672",50,10,1984,1,1984-05-07
"1673",50,11,1984,6,1984-05-21
"1674",50,12,1984,18,1984-06-04
"1675",50,13,1984,28,1984-06-18
"1676",50,14,1984,34,1984-07-02
"1677",50,15,1984,39,1984-07-16
"1678",50,16,1984,41,1984-07-30
"1679",50,17,1984,37,1984-08-13
"1680",50,18,1984,27,1984-08-27
"1681",50,19,1984,15,1984-09-10
"1682",50,20,1984,7,1984-09-24
"1683",50,21,1984,2,1984-10-08
"1684",50,22,1984,0,1984-10-22
"1685",50,23,1984,0,1984-11-05
"1686",50,24,1984,1,1984-11-19
"1687",50,25,1984,1,1984-12-03
"1688",50,26,1984,1,1984-12-17
"1689",50,1,1985,1,1985-01-01
"1690",50,2,1985,0,1985-01-15
"1691",50,3,1985,1,1985-01-29
"1692",50,4,1985,0,1985-02-12
"1693",50,5,1985,0,1985-02-26
"1694",50,6,1985,1,1985-03-12
"1695",50,7,1985,1,1985-03-26
"1696",50,8,1985,0,1985-04-09
"1697",50,9,1985,0,1985-04-23
"1698",50,10,1985,9,1985-05-07
"1699",50,11,1985,42,1985-05-21
"1700",50,12,1985,162,1985-06-04
"1701",50,13,1985,275,1985-06-18
"1702",50,14,1985,336,1985-07-02
"1703",50,15,1985,300,1985-07-16
"1704",50,16,1985,159,1985-07-30
"1705",50,17,1985,48,1985-08-13
"1706",50,18,1985,19,1985-08-27
"1707",50,19,1985,17,1985-09-10
"1708",50,20,1985,11,1985-09-24
"1709",50,21,1985,4,1985-10-08
"1710",50,22,1985,2,1985-10-22
"1711",50,23,1985,4,1985-11-05
"1712",50,24,1985,1,1985-11-19
"1713",50,25,1985,0,1985-12-03
"1714",50,26,1985,0,1985-12-17
"1715",50,1,1986,0,1986-01-01
"1716",50,2,1986,1,1986-01-15
"1717",50,3,1986,1,1986-01-29
"1718",50,4,1986,0,1986-02-12
"1719",50,5,1986,0,1986-02-26
"1720",50,6,1986,0,1986-03-12
"1721",50,7,1986,1,1986-03-26
"1722",50,8,1986,1,1986-04-09
"1723",50,9,1986,0,1986-04-23
"1724",50,10,1986,1,1986-05-07
"1725",50,11,1986,3,1986-05-21
"1726",50,12,1986,9,1986-06-04
"1727",50,13,1986,16,1986-06-18
"1728",50,14,1986,22,1986-07-02
"1729",50,15,1986,20,1986-07-16
"1730",50,16,1986,11,1986-07-30
"1731",50,17,1986,7,1986-08-13
"1732",50,18,1986,11,1986-08-27
"1733",50,19,1986,13,1986-09-10
"1734",50,20,1986,7,1986-09-24
"1735",50,21,1986,2,1986-10-08
"1736",50,22,1986,1,1986-10-22
"1737",50,23,1986,2,1986-11-05
"1738",50,24,1986,3,1986-11-19
"1739",50,25,1986,2,1986-12-03
"1740",50,26,1986,1,1986-12-17
"1741",50,1,1987,1,1987-01-01
"1742",50,2,1987,0,1987-01-15
"1743",50,3,1987,0,1987-01-29
"1744",50,4,1987,1,1987-02-12
"1745",50,5,1987,2,1987-02-26
"1746",50,6,1987,2,1987-03-12
"1747",50,7,1987,0,1987-03-26
"1748",50,8,1987,2,1987-04-09
"1749",50,9,1987,7,1987-04-23
"1750",50,10,1987,33,1987-05-07
"1751",50,11,1987,78,1987-05-21
"1752",50,12,1987,208,1987-06-04
"1753",50,13,1987,579,1987-06-18
"1754",50,14,1987,1097,1987-07-02
"1755",50,15,1987,1286,1987-07-16
"1756",50,16,1987,1070,1987-07-30
"1757",50,17,1987,731,1987-08-13
"1758",50,18,1987,392,1987-08-27
"1759",50,19,1987,154,1987-09-10
"1760",50,20,1987,76,1987-09-24
"1761",50,21,1987,69,1987-10-08
"1762",50,22,1987,35,1987-10-22
"1763",50,23,1987,10,1987-11-05
"1764",50,24,1987,1,1987-11-19
"1765",50,25,1987,4,1987-12-03
"1766",50,26,1987,4,1987-12-17
"1767",50,1,1988,1,1988-01-01
"1768",50,2,1988,0,1988-01-15
"1769",50,3,1988,0,1988-01-29
"1770",50,4,1988,1,1988-02-12
"1771",50,5,1988,0,1988-02-26
"1772",50,6,1988,1,1988-03-12
"1773",50,7,1988,2,1988-03-26
"1774",50,8,1988,3,1988-04-09
"1775",50,9,1988,1,1988-04-23
"1776",50,10,1988,2,1988-05-07
"1777",50,11,1988,9,1988-05-21
"1778",50,12,1988,34,1988-06-04
"1779",50,13,1988,54,1988-06-18
"1780",50,14,1988,60,1988-07-02
"1781",50,15,1988,57,1988-07-16
"1782",50,16,1988,41,1988-07-30
"1783",50,17,1988,25,1988-08-13
"1784",50,18,1988,14,1988-08-27
"1785",50,19,1988,7,1988-09-10
"1786",50,20,1988,4,1988-09-24
"1787",50,21,1988,3,1988-10-08
"1788",50,22,1988,2,1988-10-22
"1789",50,23,1988,1,1988-11-05
"1790",50,24,1988,0,1988-11-19
"1791",50,25,1988,0,1988-12-03
"1792",50,26,1988,0,1988-12-17
"1793",50,1,1989,0,1989-01-01
"1794",50,2,1989,0,1989-01-15
"1795",50,3,1989,0,1989-01-29
"1796",50,4,1989,1,1989-02-12
"1797",50,5,1989,0,1989-02-26
"1798",50,6,1989,0,1989-03-12
"1799",50,7,1989,0,1989-03-26
"1800",50,8,1989,2,1989-04-09
"1801",50,9,1989,1,1989-04-23
"1802",50,10,1989,2,1989-05-07
"1803",50,11,1989,7,1989-05-21
"1804",50,12,1989,19,1989-06-04
"1805",50,13,1989,32,1989-06-18
"1806",50,14,1989,46,1989-07-02
"1807",50,15,1989,62,1989-07-16
"1808",50,16,1989,77,1989-07-30
"1809",50,17,1989,73,1989-08-13
"1810",50,18,1989,44,1989-08-27
"1811",50,19,1989,17,1989-09-10
"1812",50,20,1989,8,1989-09-24
"1813",50,21,1989,7,1989-10-08
"1814",50,22,1989,5,1989-10-22
"1815",50,23,1989,2,1989-11-05
"1816",50,24,1989,1,1989-11-19
"1817",50,25,1989,1,1989-12-03
"1818",50,26,1989,0,1989-12-17
"1819",50,1,1990,0,1990-01-01
"1820",50,2,1990,1,1990-01-15
"1821",50,3,1990,2,1990-01-29
"1822",50,4,1990,2,1990-02-12
"1823",50,5,1990,2,1990-02-26
"1824",50,6,1990,1,1990-03-12
"1825",50,7,1990,0,1990-03-26
"1826",50,8,1990,1,1990-04-09
"1827",50,9,1990,3,1990-04-23
"1828",50,10,1990,14,1990-05-07
"1829",50,11,1990,44,1990-05-21
"1830",50,12,1990,87,1990-06-04
"1831",50,13,1990,128,1990-06-18
"1832",50,14,1990,162,1990-07-02
"1833",50,15,1990,173,1990-07-16
"1834",50,16,1990,160,1990-07-30
"1835",50,17,1990,128,1990-08-13
"1836",50,18,1990,81,1990-08-27
"1837",50,19,1990,37,1990-09-10
"1838",50,20,1990,4,1990-09-24
"1839",50,21,1990,0,1990-10-08
"1840",50,22,1990,0,1990-10-22
"1841",50,23,1990,0,1990-11-05
"1842",50,24,1990,0,1990-11-19
"1843",50,25,1990,0,1990-12-03
"1844",50,26,1990,0,1990-12-17
"1845",50,1,1991,0,1991-01-01
"1846",50,2,1991,0,1991-01-15
"1847",50,3,1991,1,1991-01-29
"1848",50,4,1991,1,1991-02-12
"1849",50,5,1991,0,1991-02-26
"1850",50,6,1991,0,1991-03-12
"1851",50,7,1991,2,1991-03-26
"1852",50,8,1991,3,1991-04-09
"1853",50,9,1991,3,1991-04-23
"1854",50,10,1991,5,1991-05-07
"1855",50,11,1991,17,1991-05-21
"1856",50,12,1991,59,1991-06-04
"1857",50,13,1991,180,1991-06-18
"1858",50,14,1991,348,1991-07-02
"1859",50,15,1991,415,1991-07-16
"1860",50,16,1991,358,1991-07-30
"1861",50,17,1991,273,1991-08-13
"1862",50,18,1991,199,1991-08-27
"1863",50,19,1991,133,1991-09-10
"1864",50,20,1991,76,1991-09-24
"1865",50,21,1991,34,1991-10-08
"1866",50,22,1991,13,1991-10-22
"1867",50,23,1991,7,1991-11-05
"1868",50,24,1991,3,1991-11-19
"1869",50,25,1991,2,1991-12-03
"1870",50,26,1991,1,1991-12-17
"1871",50,1,1992,0,1992-01-01
"1872",50,2,1992,0,1992-01-15
"1873",50,3,1992,0,1992-01-29
"1874",50,4,1992,0,1992-02-12
"1875",50,5,1992,0,1992-02-26
"1876",50,6,1992,1,1992-03-12
"1877",50,7,1992,0,1992-03-26
"1878",50,8,1992,0,1992-04-09
"1879",50,9,1992,0,1992-04-23
"1880",50,10,1992,4,1992-05-07
"1881",50,11,1992,4,1992-05-21
"1882",50,12,1992,3,1992-06-04
"1883",50,13,1992,6,1992-06-18
"1884",50,14,1992,14,1992-07-02
"1885",50,15,1992,24,1992-07-16
"1886",50,16,1992,35,1992-07-30
"1887",50,17,1992,41,1992-08-13
"1888",50,18,1992,41,1992-08-27
"1889",50,19,1992,33,1992-09-10
"1890",50,20,1992,9,1992-09-24
"1891",50,21,1992,2,1992-10-08
"1892",50,22,1992,0,1992-10-22
"1893",50,23,1992,1,1992-11-05
"1894",50,24,1992,2,1992-11-19
"1895",50,25,1992,2,1992-12-03
"1896",50,26,1992,1,1992-12-17
"1897",50,1,1993,0,1993-01-01
"1898",50,2,1993,0,1993-01-15
"1899",50,3,1993,0,1993-01-29
"1900",50,4,1993,0,1993-02-12
"1901",50,5,1993,0,1993-02-26
"1902",50,6,1993,0,1993-03-12
"1903",50,7,1993,0,1993-03-26
"1904",50,8,1993,1,1993-04-09
"1905",50,9,1993,1,1993-04-23
"1906",50,10,1993,1,1993-05-07
"1907",50,11,1993,1,1993-05-21
"1908",50,12,1993,10,1993-06-04
"1909",50,13,1993,56,1993-06-18
"1910",50,14,1993,123,1993-07-02
"1911",50,15,1993,143,1993-07-16
"1912",50,16,1993,107,1993-07-30
"1913",50,17,1993,70,1993-08-13
"1914",50,18,1993,56,1993-08-27
"1915",50,19,1993,51,1993-09-10
"1916",50,20,1993,47,1993-09-24
"1917",50,21,1993,42,1993-10-08
"1918",50,22,1993,31,1993-10-22
"1919",50,23,1993,20,1993-11-05
"1920",50,24,1993,11,1993-11-19
"1921",50,25,1993,5,1993-12-03
"1922",50,26,1993,2,1993-12-17
"1923",50,1,1994,2,1994-01-01
"1924",50,2,1994,2,1994-01-15
"1925",50,3,1994,2,1994-01-29
"1926",50,4,1994,2,1994-02-12
"1927",50,5,1994,4,1994-02-26
"1928",50,6,1994,6,1994-03-12
"1929",50,7,1994,6,1994-03-26
"1930",50,8,1994,14,1994-04-09
"1931",50,9,1994,38,1994-04-23
"1932",50,10,1994,89,1994-05-07
"1933",50,11,1994,180,1994-05-21
"1934",50,12,1994,338,1994-06-04
"1935",50,13,1994,628,1994-06-18
"1936",50,14,1994,988,1994-07-02
"1937",50,15,1994,869,1994-07-16
"1938",50,16,1994,329,1994-07-30
"1939",50,17,1994,73,1994-08-13
"1940",50,18,1994,22,1994-08-27
"1941",50,19,1994,65,1994-09-10
"1942",50,20,1994,34,1994-09-24
"1943",50,21,1994,9,1994-10-08
"1944",50,22,1994,1,1994-10-22
"1945",50,23,1994,2,1994-11-05
"1946",50,24,1994,1,1994-11-19
"1947",50,25,1994,0,1994-12-03
"1948",50,26,1994,0,1994-12-17
"1949",50,1,1995,0,1995-01-01
"1950",50,2,1995,1,1995-01-15
"1951",50,3,1995,1,1995-01-29
"1952",50,4,1995,0,1995-02-12
"1953",50,5,1995,0,1995-02-26
"1954",50,6,1995,0,1995-03-12
"1955",50,7,1995,0,1995-03-26
"1956",50,8,1995,1,1995-04-09
"1957",50,9,1995,1,1995-04-23
"1958",50,10,1995,2,1995-05-07
"1959",50,11,1995,9,1995-05-21
"1960",50,12,1995,19,1995-06-04
"1961",50,13,1995,29,1995-06-18
"1962",50,14,1995,39,1995-07-02
"1963",50,15,1995,48,1995-07-16
"1964",50,16,1995,58,1995-07-30
"1965",50,17,1995,63,1995-08-13
"1966",50,18,1995,61,1995-08-27
"1967",50,19,1995,50,1995-09-10
"1968",50,20,1995,31,1995-09-24
"1969",50,21,1995,13,1995-10-08
"1970",50,22,1995,4,1995-10-22
"1971",50,23,1995,2,1995-11-05
"1972",50,24,1995,1,1995-11-19
"1973",50,25,1995,1,1995-12-03
"1974",50,26,1995,1,1995-12-17
"1975",50,1,1996,0,1996-01-01
"1976",50,2,1996,0,1996-01-15
"1977",50,3,1996,1,1996-01-29
"1978",50,4,1996,2,1996-02-12
"1979",50,5,1996,4,1996-02-26
"1980",50,6,1996,5,1996-03-12
"1981",50,7,1996,1,1996-03-26
"1982",50,8,1996,0,1996-04-09
"1983",50,9,1996,0,1996-04-23
"1984",50,10,1996,4,1996-05-07
"1985",50,11,1996,16,1996-05-21
"1986",50,12,1996,32,1996-06-04
"1987",50,13,1996,41,1996-06-18
"1988",50,14,1996,41,1996-07-02
"1989",50,15,1996,44,1996-07-16
"1990",50,16,1996,49,1996-07-30
"1991",50,17,1996,44,1996-08-13
"1992",50,18,1996,24,1996-08-27
"1993",50,19,1996,7,1996-09-10
"1994",50,20,1996,4,1996-09-24
"1995",50,21,1996,6,1996-10-08
"1996",50,22,1996,6,1996-10-22
"1997",50,23,1996,5,1996-11-05
"1998",50,24,1996,2,1996-11-19
"1999",50,25,1996,1,1996-12-03
"2000",50,26,1996,0,1996-12-17
"2001",50,1,1997,0,1997-01-01
"2002",50,2,1997,0,1997-01-15
"2003",50,3,1997,0,1997-01-29
"2004",50,4,1997,0,1997-02-12
"2005",50,5,1997,0,1997-02-26
"2006",50,6,1997,0,1997-03-12
"2007",50,7,1997,0,1997-03-26
"2008",50,8,1997,1,1997-04-09
"2009",50,9,1997,4,1997-04-23
"2010",50,10,1997,20,1997-05-07
"2011",50,11,1997,31,1997-05-21
"2012",50,12,1997,42,1997-06-04
"2013",50,13,1997,74,1997-06-18
"2014",50,14,1997,124,1997-07-02
"2015",50,15,1997,179,1997-07-16
"2016",50,16,1997,231,1997-07-30
"2017",50,17,1997,259,1997-08-13
"2018",50,18,1997,254,1997-08-27
"2019",50,19,1997,219,1997-09-10
"2020",50,20,1997,160,1997-09-24
"2021",50,21,1997,98,1997-10-08
"2022",50,22,1997,55,1997-10-22
"2023",50,23,1997,30,1997-11-05
"2024",50,24,1997,15,1997-11-19
"2025",50,25,1997,8,1997-12-03
"2026",50,26,1997,6,1997-12-17
"2027",50,1,1998,7,1998-01-01
"2028",50,2,1998,6,1998-01-15
"2029",50,3,1998,3,1998-01-29
"2030",50,4,1998,7,1998-02-12
"2031",50,5,1998,21,1998-02-26
"2032",50,6,1998,39,1998-03-12
"2033",50,7,1998,55,1998-03-26
"2034",50,8,1998,63,1998-04-09
"2035",50,9,1998,58,1998-04-23
"2036",50,10,1998,80,1998-05-07
"2037",50,11,1998,189,1998-05-21
"2038",50,12,1998,341,1998-06-04
"2039",50,13,1998,415,1998-06-18
"2040",50,14,1998,409,1998-07-02
"2041",50,15,1998,390,1998-07-16
"2042",50,16,1998,370,1998-07-30
"2043",50,17,1998,313,1998-08-13
"2044",50,18,1998,209,1998-08-27
"2045",50,19,1998,112,1998-09-10
"2046",50,20,1998,55,1998-09-24
"2047",50,21,1998,27,1998-10-08
"2048",50,22,1998,14,1998-10-22
"2049",50,23,1998,11,1998-11-05
"2050",50,24,1998,4,1998-11-19
"2051",50,25,1998,0,1998-12-03
"2052",50,26,1998,1,1998-12-17
"2053",50,1,1999,8,1999-01-01
"2054",50,2,1999,5,1999-01-15
"2055",50,3,1999,2,1999-01-29
"2056",50,4,1999,4,1999-02-12
"2057",50,5,1999,7,1999-02-26
"2058",50,6,1999,13,1999-03-12
"2059",50,7,1999,17,1999-03-26
"2060",50,8,1999,35,1999-04-09
"2061",50,9,1999,29,1999-04-23
"2062",50,10,1999,61,1999-05-07
"2063",50,11,1999,88,1999-05-21
"2064",50,12,1999,103,1999-06-04
"2065",50,13,1999,82,1999-06-18
"2066",50,14,1999,62,1999-07-02
"2067",50,15,1999,30,1999-07-16
"2068",50,16,1999,19,1999-07-30
"2069",50,17,1999,9,1999-08-13
"2070",50,18,1999,7,1999-08-27
"2071",50,19,1999,4,1999-09-10
"2072",50,20,1999,3,1999-09-24
"2073",50,21,1999,2,1999-10-08
"2074",50,22,1999,5,1999-10-22
"2075",50,23,1999,3,1999-11-05
"2076",50,24,1999,2,1999-11-19
"2077",50,25,1999,0,1999-12-03
"2078",50,26,1999,0,1999-12-17
"2079",50,1,2000,0,2000-01-01
"2080",50,2,2000,0,2000-01-15
"2081",50,3,2000,0,2000-01-29
"2082",50,4,2000,0,2000-02-12
"2083",50,5,2000,0,2000-02-26
"2084",50,6,2000,2,2000-03-12
"2085",50,7,2000,0,2000-03-26
"2086",50,8,2000,0,2000-04-09
"2087",50,9,2000,0,2000-04-23
"2088",50,10,2000,1,2000-05-07
"2089",50,11,2000,2,2000-05-21
"2090",50,12,2000,2,2000-06-04
"2091",50,13,2000,6,2000-06-18
"2092",50,14,2000,8,2000-07-02
"2093",50,15,2000,6,2000-07-16
"2094",50,16,2000,6,2000-07-30
"2095",50,17,2000,11,2000-08-13
"2096",50,18,2000,3,2000-08-27
"2097",50,19,2000,6,2000-09-10
"2098",50,20,2000,7,2000-09-24
"2099",50,21,2000,4,2000-10-08
"2100",50,22,2000,2,2000-10-22
"2101",50,23,2000,0,2000-11-05
"2102",50,24,2000,0,2000-11-19
"2103",50,25,2000,1,2000-12-03
"2104",50,26,2000,0,2000-12-17
"2105",50,1,2001,1,2001-01-01
"2106",50,2,2001,3,2001-01-15
"2107",50,3,2001,3,2001-01-29
"2108",50,4,2001,2,2001-02-12
"2109",50,5,2001,3,2001-02-26
"2110",50,6,2001,7,2001-03-12
"2111",50,7,2001,6,2001-03-26
"2112",50,8,2001,10,2001-04-09
"2113",50,9,2001,8,2001-04-23
"2114",50,10,2001,19,2001-05-07
"2115",50,11,2001,36,2001-05-21
"2116",50,12,2001,92,2001-06-04
"2117",50,13,2001,98,2001-06-18
"2118",50,14,2001,146,2001-07-02
"2119",50,15,2001,90,2001-07-16
"2120",50,16,2001,73,2001-07-30
"2121",50,17,2001,109,2001-08-13
"2122",50,18,2001,87,2001-08-27
"2123",50,19,2001,55,2001-09-10
"2124",50,20,2001,27,2001-09-24
"2125",50,21,2001,12,2001-10-08
"2126",50,22,2001,8,2001-10-22
"2127",50,23,2001,16,2001-11-05
"2128",50,24,2001,5,2001-11-19
"2129",50,25,2001,3,2001-12-03
"2130",50,26,2001,0,2001-12-17
"2131",50,1,2002,0,2002-01-01
"2132",50,2,2002,0,2002-01-15
"2133",50,3,2002,0,2002-01-29
"2134",50,4,2002,0,2002-02-12
"2135",50,5,2002,0,2002-02-26
"2136",50,6,2002,0,2002-03-12
"2137",50,7,2002,2,2002-03-26
"2138",50,8,2002,5,2002-04-09
"2139",50,9,2002,6,2002-04-23
"2140",50,10,2002,4,2002-05-07
"2141",50,11,2002,13,2002-05-21
"2142",50,12,2002,14,2002-06-04
"2143",50,13,2002,26,2002-06-18
"2144",50,14,2002,34,2002-07-02
"2145",50,15,2002,28,2002-07-16
"2146",50,16,2002,73,2002-07-30
"2147",50,17,2002,62,2002-08-13
"2148",50,18,2002,51,2002-08-27
"2149",50,19,2002,41,2002-09-10
"2150",50,20,2002,14,2002-09-24
"2151",50,21,2002,9,2002-10-08
"2152",50,22,2002,18,2002-10-22
"2153",50,23,2002,7,2002-11-05
"2154",50,24,2002,9,2002-11-19
"2155",50,25,2002,8,2002-12-03
"2156",50,26,2002,3,2002-12-17
"2157",50,1,2003,1,2003-01-01
"2158",50,2,2003,3,2003-01-15
"2159",50,3,2003,4,2003-01-29
"2160",50,4,2003,4,2003-02-12
"2161",50,5,2003,2,2003-02-26
"2162",50,6,2003,5,2003-03-12
"2163",50,7,2003,4,2003-03-26
"2164",50,8,2003,7,2003-04-09
"2165",50,9,2003,17,2003-04-23
"2166",50,10,2003,41,2003-05-07
"2167",50,11,2003,59,2003-05-21
"2168",50,12,2003,109,2003-06-04
"2169",50,13,2003,140,2003-06-18
"2170",50,14,2003,129,2003-07-02
"2171",50,15,2003,139,2003-07-16
"2172",50,16,2003,144,2003-07-30
"2173",50,17,2003,106,2003-08-13
"2174",50,18,2003,61,2003-08-27
"2175",50,19,2003,64,2003-09-10
"2176",50,20,2003,39,2003-09-24
"2177",50,21,2003,39,2003-10-08
"2178",50,22,2003,39,2003-10-22
"2179",50,23,2003,16,2003-11-05
"2180",50,24,2003,13,2003-11-19
"2181",50,25,2003,6,2003-12-03
"2182",50,26,2003,2,2003-12-17
"2183",50,1,2004,0,2004-01-01
"2184",50,2,2004,0,2004-01-15
"2185",50,3,2004,2,2004-01-29
"2186",50,4,2004,1,2004-02-12
"2187",50,5,2004,1,2004-02-26
"2188",50,6,2004,2,2004-03-12
"2189",50,7,2004,1,2004-03-26
"2190",50,8,2004,2,2004-04-09
"2191",50,9,2004,4,2004-04-23
"2192",50,10,2004,4,2004-05-07
"2193",50,11,2004,13,2004-05-21
"2194",50,12,2004,18,2004-06-04
"2195",50,13,2004,36,2004-06-18
"2196",50,14,2004,67,2004-07-02
"2197",50,15,2004,71,2004-07-16
"2198",50,16,2004,62,2004-07-30
"2199",50,17,2004,62,2004-08-13
"2200",50,18,2004,62,2004-08-27
"2201",50,19,2004,33,2004-09-10
"2202",50,20,2004,27,2004-09-24
"2203",50,21,2004,14,2004-10-08
"2204",50,22,2004,5,2004-10-22
"2205",50,23,2004,11,2004-11-05
"2206",50,24,2004,3,2004-11-19
"2207",50,25,2004,0,2004-12-03
"2208",50,26,2004,3,2004-12-17
"2209",50,1,2005,0,2005-01-01
"2210",50,2,2005,1,2005-01-15
"2211",50,3,2005,1,2005-01-29
"2212",50,4,2005,2,2005-02-12
"2213",50,5,2005,3,2005-02-26
"2214",50,6,2005,0,2005-03-12
"2215",50,7,2005,4,2005-03-26
"2216",50,8,2005,6,2005-04-09
"2217",50,9,2005,14,2005-04-23
"2218",50,10,2005,38,2005-05-07
"2219",50,11,2005,47,2005-05-21
"2220",50,12,2005,57,2005-06-04
"2221",50,13,2005,35,2005-06-18
"2222",50,14,2005,37,2005-07-02
"2223",50,15,2005,29,2005-07-16
"2224",50,16,2005,14,2005-07-30
"2225",50,17,2005,29,2005-08-13
"2226",50,18,2005,17,2005-08-27
"2227",50,19,2005,10,2005-09-10
"2228",50,20,2005,16,2005-09-24
"2229",50,21,2005,4,2005-10-08
"2230",50,22,2005,9,2005-10-22
"2231",50,23,2005,9,2005-11-05
"2232",50,24,2005,3,2005-11-19
"2233",50,25,2005,2,2005-12-03
"2234",50,26,2005,0,2005-12-17
"2235",50,1,2006,2,2006-01-01
"2236",50,2,2006,1,2006-01-15
"2237",50,3,2006,1,2006-01-29
"2238",50,4,2006,0,2006-02-12
"2239",50,5,2006,0,2006-02-26
"2240",50,6,2006,1,2006-03-12
"2241",50,7,2006,7,2006-03-26
"2242",50,8,2006,4,2006-04-09
"2243",50,9,2006,8,2006-04-23
"2244",50,10,2006,25,2006-05-07
"2245",50,11,2006,35,2006-05-21
"2246",50,12,2006,55,2006-06-04
"2247",50,13,2006,88,2006-06-18
"2248",50,14,2006,48,2006-07-02
"2249",50,15,2006,41,2006-07-16
"2250",50,16,2006,40,2006-07-30
"2251",50,17,2006,34,2006-08-13
"2252",50,18,2006,12,2006-08-27
"2253",50,19,2006,11,2006-09-10
"2254",50,20,2006,9,2006-09-24
"2255",50,21,2006,7,2006-10-08
"2256",50,22,2006,2,2006-10-22
"2257",50,23,2006,2,2006-11-05
"2258",50,24,2006,3,2006-11-19
"2259",50,25,2006,4,2006-12-03
"2260",50,26,2006,0,2006-12-17
"2261",50,1,2007,1,2007-01-01
"2262",50,2,2007,0,2007-01-15
"2263",50,3,2007,0,2007-01-29
"2264",50,4,2007,0,2007-02-12
"2265",50,5,2007,2,2007-02-26
"2266",50,6,2007,0,2007-03-12
"2267",50,7,2007,2,2007-03-26
"2268",50,8,2007,0,2007-04-09
"2269",50,9,2007,9,2007-04-23
"2270",50,10,2007,5,2007-05-07
"2271",50,11,2007,13,2007-05-21
"2272",50,12,2007,17,2007-06-04
"2273",50,13,2007,34,2007-06-18
"2274",50,14,2007,34,2007-07-02
"2275",50,15,2007,34,2007-07-16
"2276",50,16,2007,35,2007-07-30
"2277",50,17,2007,36,2007-08-13
"2278",50,18,2007,22,2007-08-27
"2279",50,19,2007,27,2007-09-10
"2280",50,20,2007,18,2007-09-24
"2281",50,21,2007,3,2007-10-08
"2282",50,22,2007,8,2007-10-22
"2283",50,23,2007,6,2007-11-05
"2284",50,24,2007,10,2007-11-19
"2285",50,25,2007,2,2007-12-03
"2286",50,26,2007,1,2007-12-17
"2287",50,1,2008,3,2008-01-01
"2288",50,2,2008,5,2008-01-15
"2289",50,3,2008,6,2008-01-29
"2290",50,4,2008,6,2008-02-12
"2291",50,5,2008,1,2008-02-26
"2292",50,6,2008,5,2008-03-12
"2293",50,7,2008,6,2008-03-26
"2294",50,8,2008,15,2008-04-09
"2295",50,9,2008,21,2008-04-23
"2296",50,10,2008,40,2008-05-07
"2297",50,11,2008,76,2008-05-21
"2298",50,12,2008,120,2008-06-04
"2299",50,13,2008,146,2008-06-18
"2300",50,14,2008,177,2008-07-02
"2301",50,15,2008,211,2008-07-16
"2302",50,16,2008,215,2008-07-30
"2303",50,17,2008,192,2008-08-13
"2304",50,18,2008,156,2008-08-27
"2305",50,19,2008,109,2008-09-10
"2306",50,20,2008,105,2008-09-24
"2307",50,21,2008,67,2008-10-08
"2308",50,22,2008,82,2008-10-22
"2309",50,23,2008,53,2008-11-05
"2310",50,24,2008,37,2008-11-19
"2311",50,25,2008,23,2008-12-03
"2312",50,26,2008,19,2008-12-17
"2313",50,1,2009,29,2009-01-01
"2314",50,2,2009,9,2009-01-15
"2315",50,3,2009,8,2009-01-29
"2316",50,4,2009,4,2009-02-12
"2317",50,5,2009,11,2009-02-26
"2318",50,6,2009,11,2009-03-12
"2319",50,7,2009,6,2009-03-26
"2320",50,8,2009,6,2009-04-09
"2321",50,9,2009,17,2009-04-23
"2322",50,10,2009,28,2009-05-07
"2323",50,11,2009,53,2009-05-21
"2324",50,12,2009,56,2009-06-04
"2325",50,13,2009,67,2009-06-18
"2326",50,14,2009,59,2009-07-02
"2327",50,15,2009,44,2009-07-16
"2328",50,16,2009,57,2009-07-30
"2329",50,17,2009,47,2009-08-13
"2330",50,18,2009,36,2009-08-27
"2331",50,19,2009,25,2009-09-10
"2332",50,20,2009,35,2009-09-24
"2333",50,21,2009,23,2009-10-08
"2334",50,22,2009,34,2009-10-22
"2335",50,23,2009,34,2009-11-05
"2336",50,24,2009,23,2009-11-19
"2337",50,25,2009,11,2009-12-03
"2338",50,26,2009,10,2009-12-17
"2339",50,1,2010,16,2010-01-01
"2340",50,2,2010,26,2010-01-15
"2341",50,3,2010,10,2010-01-29
"2342",50,4,2010,16,2010-02-12
"2343",50,5,2010,15,2010-02-26
"2344",50,6,2010,16,2010-03-12
"2345",50,7,2010,16,2010-03-26
"2346",50,8,2010,22,2010-04-09
"2347",50,9,2010,36,2010-04-23
"2348",50,10,2010,54,2010-05-07
"2349",50,11,2010,110,2010-05-21
"2350",50,12,2010,161,2010-06-04
"2351",50,13,2010,214,2010-06-18
"2352",50,14,2010,383,2010-07-02
"2353",50,15,2010,383,2010-07-16
"2354",50,16,2010,400,2010-07-30
"2355",50,17,2010,395,2010-08-13
"2356",50,18,2010,162,2010-08-27
"2357",50,19,2010,163,2010-09-10
"2358",50,20,2010,79,2010-09-24
"2359",50,21,2010,57,2010-10-08
"2360",50,22,2010,20,2010-10-22
"2361",50,23,2010,9,2010-11-05
"2362",50,24,2010,16,2010-11-19
"2363",50,25,2010,10,2010-12-03
"2364",50,26,2010,9,2010-12-17
"2365",50,1,2011,7,2011-01-01
"2366",50,2,2011,3,2011-01-15
"2367",50,3,2011,2,2011-01-29
"2368",50,4,2011,3,2011-02-12
"2369",50,5,2011,3,2011-02-26
"2370",50,6,2011,5,2011-03-12
"2371",50,7,2011,1,2011-03-26
"2372",50,8,2011,1,2011-04-09
"2373",50,9,2011,7,2011-04-23
"2374",50,10,2011,19,2011-05-07
"2375",50,11,2011,24,2011-05-21
"2376",50,12,2011,31,2011-06-04
"2377",50,13,2011,26,2011-06-18
"2378",50,14,2011,17,2011-07-02
"2379",50,15,2011,12,2011-07-16
"2380",50,16,2011,21,2011-07-30
"2381",50,17,2011,15,2011-08-13
"2382",50,18,2011,10,2011-08-27
"2383",50,19,2011,3,2011-09-10
"2384",50,20,2011,9,2011-09-24
"2385",50,21,2011,2,2011-10-08
"2386",50,22,2011,4,2011-10-22
"2387",50,23,2011,5,2011-11-05
"2388",50,24,2011,7,2011-11-19
"2389",50,25,2011,1,2011-12-03
"2390",50,26,2011,1,2011-12-17
"2391",50,1,2012,2,2012-01-01
"2392",50,2,2012,5,2012-01-15
"2393",50,3,2012,2,2012-01-29
"2394",50,4,2012,5,2012-02-12
"2395",50,5,2012,0,2012-02-26
"2396",50,6,2012,0,2012-03-12
"2397",50,7,2012,1,2012-03-26
"2398",50,8,2012,4,2012-04-09
"2399",50,9,2012,3,2012-04-23
"2400",50,10,2012,7,2012-05-07
"2401",50,11,2012,13,2012-05-21
"2402",50,12,2012,37,2012-06-04
"2403",50,13,2012,29,2012-06-18
"2404",50,14,2012,34,2012-07-02
"2405",50,15,2012,38,2012-07-16
"2406",50,16,2012,46,2012-07-30
"2407",50,17,2012,42,2012-08-13
"2408",50,18,2012,60,2012-08-27
"2409",50,19,2012,46,2012-09-10
"2410",50,20,2012,32,2012-09-24
"2411",50,21,2012,46,2012-10-08
"2412",50,22,2012,47,2012-10-22
"2413",50,23,2012,21,2012-11-05
"2414",50,24,2012,30,2012-11-19
"2415",50,25,2012,12,2012-12-03
"2416",50,26,2012,6,2012-12-17
"2417",50,1,2013,42,2013-01-01
"2418",50,2,2013,14,2013-01-15
"2419",50,3,2013,20,2013-01-29
"2420",50,4,2013,18,2013-02-12
"2421",50,5,2013,28,2013-02-26
"2422",50,6,2013,21,2013-03-12
"2423",50,7,2013,46,2013-03-26
"2424",50,8,2013,95,2013-04-09
"2425",50,9,2013,188,2013-04-23
"2426",50,10,2013,228,2013-05-07
"2427",50,11,2013,375,2013-05-21
"2428",50,12,2013,522,2013-06-04
"2429",50,13,2013,452,2013-06-18
"2430",50,14,2013,481,2013-07-02
"2431",50,15,2013,656,2013-07-16
"2432",50,16,2013,590,2013-07-30
"2433",50,17,2013,394,2013-08-13
"2434",50,18,2013,346,2013-08-27
"2435",50,19,2013,262,2013-09-10
"2436",50,20,2013,146,2013-09-24
"2437",50,21,2013,74,2013-10-08
"2438",50,22,2013,45,2013-10-22
"2439",50,23,2013,30,2013-11-05
"2440",50,24,2013,33,2013-11-19
"2441",50,25,2013,19,2013-12-03
"2442",50,26,2013,6,2013-12-17
"2443",50,1,2014,12,2014-01-01
"2444",50,2,2014,14,2014-01-15
"2445",50,3,2014,6,2014-01-29
"2446",50,4,2014,10,2014-02-12
"2447",50,5,2014,2,2014-02-26
"2448",50,6,2014,0,2014-03-12
"2449",50,7,2014,0,2014-03-26
"2450",50,8,2014,3,2014-04-09
"2451",50,9,2014,3,2014-04-23
"2452",50,10,2014,6,2014-05-07
"2453",50,11,2014,21,2014-05-21
"2454",50,12,2014,45,2014-06-04
"2455",50,13,2014,41,2014-06-18
"2456",50,14,2014,46,2014-07-02
"2457",50,15,2014,53,2014-07-16
"2458",50,16,2014,51,2014-07-30
"2459",50,17,2014,44,2014-08-13
"2460",50,18,2014,54,2014-08-27
"2461",50,19,2014,50,2014-09-10
"2462",50,20,2014,18,2014-09-24
"2463",50,21,2014,8,2014-10-08
"2464",50,22,2014,9,2014-10-22
"2465",50,23,2014,5,2014-11-05
"2466",50,24,2014,5,2014-11-19
"2467",50,25,2014,4,2014-12-03
"2468",50,26,2014,2,2014-12-17
"2469",50,1,2015,3,2015-01-01
"2470",50,2,2015,3,2015-01-15
"2471",50,3,2015,2,2015-01-29
"2472",50,4,2015,2,2015-02-12
"2473",50,5,2015,1,2015-02-26
"2474",50,6,2015,1,2015-03-12
"2475",50,7,2015,1,2015-03-26
"2476",50,8,2015,4,2015-04-09
"2477",50,9,2015,5,2015-04-23
"2478",50,10,2015,22,2015-05-07
"2479",50,11,2015,40,2015-05-21
"2480",50,12,2015,45,2015-06-04
"2481",50,13,2015,33,2015-06-18
"2482",50,14,2015,60,2015-07-02
"2483",50,15,2015,65,2015-07-16
"2484",50,16,2015,79,2015-07-30
"2485",50,17,2015,97,2015-08-13
"2486",50,18,2015,67,2015-08-27
"2487",50,19,2015,93,2015-09-10
"2488",50,20,2015,51,2015-09-24
"2489",50,21,2015,40,2015-10-08
"2490",50,22,2015,54,2015-10-22
"2491",50,23,2015,85,2015-11-05
"2492",50,24,2015,56,2015-11-19
"2493",10,25,2015,2006,2015-12-03
"2494",50,25,2015,49,2015-12-03
"2495",10,26,2015,59,2015-12-17
"2496",50,26,2015,16,2015-12-17
"2497",10,1,2016,592,2016-01-01
"2498",50,1,2016,1,2016-01-01
"2499",10,2,2016,391,2016-01-15
"2500",50,2,2016,5,2016-01-15
"2501",10,3,2016,223,2016-01-29
"2502",50,3,2016,5,2016-01-29
"2503",10,4,2016,179,2016-02-12
"2504",10,5,2016,207,2016-02-26
"2505",50,5,2016,1,2016-02-26
"2506",10,6,2016,124,2016-03-12
"2507",10,7,2016,53,2016-03-26
"2508",50,7,2016,2,2016-03-26
"2509",10,8,2016,70,2016-04-09
"2510",50,8,2016,2,2016-04-09
"2511",10,9,2016,36,2016-04-23
"2512",10,10,2016,20,2016-05-07
"2513",50,10,2016,6,2016-05-07
"2514",10,11,2016,18,2016-05-21
"2515",50,11,2016,6,2016-05-21
"2516",10,12,2016,28,2016-06-04
"2517",50,12,2016,8,2016-06-04
"2518",10,13,2016,31,2016-06-18
"2519",50,13,2016,10,2016-06-18
"2520",10,14,2016,52,2016-07-02
"2521",50,14,2016,32,2016-07-02
"2522",10,15,2016,96,2016-07-16
"2523",50,15,2016,116,2016-07-16
"2524",10,16,2016,113,2016-07-30
"2525",50,16,2016,148,2016-07-30
"2526",10,17,2016,140,2016-08-13
"2527",50,17,2016,118,2016-08-13
"2528",10,18,2016,156,2016-08-27
"2529",50,18,2016,110,2016-08-27
"2530",10,19,2016,166,2016-09-10
"2531",50,19,2016,64,2016-09-10
"2532",10,20,2016,162,2016-09-24
"2533",50,20,2016,46,2016-09-24
"2534",10,21,2016,163,2016-10-08
"2535",50,21,2016,46,2016-10-08
"2536",10,22,2016,198,2016-10-22
"2537",50,22,2016,28,2016-10-22
"2538",10,23,2016,342,2016-11-05
"2539",50,23,2016,12,2016-11-05
"2540",10,24,2016,356,2016-11-19
"2541",50,24,2016,26,2016-11-19
"2542",10,25,2016,161,2016-12-03
"2543",50,25,2016,13,2016-12-03
"2544",10,26,2016,155,2016-12-17
"2545",50,26,2016,1,2016-12-17
"2546",10,1,2017,112,2017-01-01
"2547",50,1,2017,3,2017-01-01
"2548",10,2,2017,72,2017-01-15
"2549",50,2,2017,10,2017-01-15
"2550",10,3,2017,73,2017-01-29
"2551",50,3,2017,1,2017-01-29
"2552",10,4,2017,56,2017-02-12
"2553",50,4,2017,4,2017-02-12
"2554",10,5,2017,49,2017-02-26
"2555",50,5,2017,1,2017-02-26
"2556",10,6,2017,44,2017-03-12
"2557",50,6,2017,9,2017-03-12
"2558",10,7,2017,36,2017-03-26
"2559",10,8,2017,60,2017-04-09
"2560",50,8,2017,4,2017-04-09
"2561",10,9,2017,46,2017-04-23
"2562",50,9,2017,9,2017-04-23
"2563",10,10,2017,45,2017-05-07
"2564",50,10,2017,13,2017-05-07
"2565",10,11,2017,71,2017-05-21
"2566",50,11,2017,50,2017-05-21
"2567",10,12,2017,121,2017-06-04
"2568",50,12,2017,44,2017-06-04
"2569",10,13,2017,230,2017-06-18
"2570",50,13,2017,86,2017-06-18
"2571",10,14,2017,228,2017-07-02
"2572",50,14,2017,78,2017-07-02
"2573",10,15,2017,339,2017-07-16
"2574",50,15,2017,80,2017-07-16
"2575",10,16,2017,409,2017-07-30
"2576",50,16,2017,57,2017-07-30
"2577",10,17,2017,315,2017-08-13
"2578",50,17,2017,50,2017-08-13
"2579",10,18,2017,272,2017-08-27
"2580",50,18,2017,40,2017-08-27
"2581",10,19,2017,302,2017-09-10
"2582",50,19,2017,23,2017-09-10
"2583",10,20,2017,255,2017-09-24
"2584",50,20,2017,23,2017-09-24
"2585",10,21,2017,274,2017-10-08
"2586",50,21,2017,22,2017-10-08
"2587",10,22,2017,296,2017-10-22
"2588",50,22,2017,21,2017-10-22
"2589",10,23,2017,297,2017-11-05
"2590",50,23,2017,18,2017-11-05
"2591",10,24,2017,276,2017-11-19
"2592",50,24,2017,25,2017-11-19
"2593",10,25,2017,252,2017-12-03
"2594",50,25,2017,8,2017-12-03
"2595",10,26,2017,123,2017-12-17
"2596",50,26,2017,4,2017-12-17
"2597",10,1,2018,82,2018-01-01
"2598",50,1,2018,4,2018-01-01
"2599",10,2,2018,106,2018-01-15
"2600",50,2,2018,2,2018-01-15
"2601",10,3,2018,81,2018-01-29
"2602",10,4,2018,72,2018-02-12
"2603",50,4,2018,3,2018-02-12
"2604",10,5,2018,111,2018-02-26
"2605",10,6,2018,147,2018-03-12
"2606",50,6,2018,3,2018-03-12
"2607",10,7,2018,157,2018-03-26
"2608",50,7,2018,1,2018-03-26
"2609",10,8,2018,160,2018-04-09
"2610",50,8,2018,4,2018-04-09
"2611",10,9,2018,26,2018-04-23
"2612",50,9,2018,2,2018-04-23
"2613",50,10,2018,2,2018-05-07
