date,โรคไข้เลือดออก,อาการ โรค ไข้เลือดออก,ไข้เลือดออก,โรค ไข้เลือดออก,การ ป้องกัน ไข้เลือดออก,อาการ ของ ไข้เลือดออก,สาเหตุ ไข้เลือดออก,สถานการณ์ โรค ไข้เลือดออก,สถานการณ์ ไข้เลือดออก,ไข้เด็งกี่,ไข้เลือดออกช็อค,โรคไข้เลือดออกช็อค,เกล็ดเลือดต่ำ,ไข้เลือดออกระบาด,โรคนำโดยยุงลาย
2004-01-04,0.0,0.0,0.0,0.0,0.0,0.0,0.0,0.0,0.0,0.0,0.0,0.0,0.0,0.0,0.0
2004-01-11,0.0,0.0,0.0,0.0,0.0,0.0,0.0,0.0,0.0,0.0,0.0,0.0,0.0,0.0,0.0
2004-01-18,0.0,0.0,0.0,0.0,0.0,0.0,0.0,0.0,0.0,0.0,0.0,0.0,0.0,0.0,0.0
2004-01-25,0.0,0.0,0.0,0.0,0.0,0.0,0.0,0.0,0.0,0.0,0.0,0.0,0.0,0.0,0.0
2004-02-01,0.0,0.0,0.0,0.0,0.0,0.0,0.0,0.0,0.0,0.0,0.0,0.0,0.0,0.0,0.0
2004-02-08,0.0,0.0,0.0,0.0,0.0,0.0,0.0,0.0,0.0,0.0,0.0,0.0,0.0,0.0,0.0
2004-02-15,0.0,0.0,0.0,0.0,0.0,0.0,0.0,0.0,0.0,0.0,0.0,0.0,0.0,0.0,0.0
2004-02-22,0.0,0.0,0.0,0.0,0.0,0.0,0.0,0.0,0.0,0.0,0.0,0.0,0.0,0.0,0.0
2004-02-29,0.0,0.0,0.0,0.0,0.0,0.0,0.0,0.0,0.0,0.0,0.0,0.0,0.0,0.0,0.0
2004-03-07,0.0,0.0,0.0,0.0,0.0,0.0,0.0,0.0,0.0,0.0,0.0,0.0,0.0,0.0,0.0
2004-03-14,0.0,0.0,0.0,0.0,0.0,0.0,0.0,0.0,0.0,0.0,0.0,0.0,0.0,0.0,0.0
2004-03-21,0.0,0.0,0.0,0.0,0.0,0.0,0.0,0.0,0.0,0.0,0.0,0.0,0.0,0.0,0.0
2004-03-28,0.0,0.0,0.0,0.0,0.0,0.0,0.0,0.0,0.0,0.0,0.0,0.0,0.0,0.0,0.0
2004-04-04,0.0,0.0,0.0,0.0,0.0,0.0,0.0,0.0,0.0,0.0,0.0,0.0,0.0,0.0,0.0
2004-04-11,0.0,0.0,0.0,0.0,0.0,0.0,0.0,0.0,0.0,0.0,0.0,0.0,0.0,0.0,0.0
2004-04-18,0.0,0.0,0.0,0.0,0.0,0.0,0.0,0.0,0.0,0.0,0.0,0.0,0.0,0.0,0.0
2004-04-25,0.0,0.0,0.0,0.0,0.0,0.0,0.0,0.0,0.0,0.0,0.0,0.0,0.0,0.0,0.0
2004-05-02,0.0,0.0,0.0,0.0,0.0,0.0,0.0,0.0,0.0,0.0,0.0,0.0,0.0,0.0,0.0
2004-05-09,0.0,0.0,0.0,0.0,0.0,0.0,0.0,0.0,0.0,0.0,0.0,0.0,0.0,0.0,0.0
2004-05-16,0.0,0.0,0.0,0.0,0.0,0.0,0.0,0.0,0.0,0.0,0.0,0.0,0.0,0.0,0.0
2004-05-23,0.0,0.0,0.0,0.0,0.0,0.0,0.0,0.0,0.0,0.0,0.0,0.0,0.0,0.0,0.0
2004-05-30,0.0,0.0,0.0,0.0,0.0,0.0,0.0,0.0,0.0,0.0,0.0,0.0,0.0,0.0,0.0
2004-06-06,0.0,0.0,0.0,0.0,0.0,0.0,0.0,0.0,0.0,0.0,0.0,0.0,0.0,0.0,0.0
2004-06-13,0.0,0.0,0.0,0.0,0.0,0.0,0.0,0.0,0.0,0.0,0.0,0.0,0.0,0.0,0.0
2004-06-20,0.0,0.0,0.0,0.0,0.0,0.0,0.0,0.0,0.0,0.0,0.0,0.0,0.0,0.0,0.0
2004-06-27,0.0,0.0,0.0,0.0,0.0,0.0,0.0,0.0,0.0,0.0,0.0,0.0,0.0,0.0,0.0
2004-07-04,0.0,0.0,0.0,0.0,0.0,0.0,0.0,0.0,0.0,0.0,0.0,0.0,0.0,0.0,0.0
2004-07-11,0.0,0.0,0.0,0.0,0.0,0.0,0.0,0.0,0.0,0.0,0.0,0.0,0.0,0.0,0.0
2004-07-18,0.0,0.0,26704.452117703513,0.0,0.0,0.0,0.0,0.0,0.0,0.0,0.0,0.0,0.0,0.0,0.0
2004-07-25,0.0,0.0,25345.446920873816,0.0,0.0,0.0,0.0,0.0,0.0,0.0,0.0,0.0,0.0,0.0,0.0
2004-08-01,0.0,0.0,0.0,0.0,0.0,0.0,0.0,0.0,0.0,0.0,0.0,0.0,0.0,0.0,0.0
2004-08-08,0.0,0.0,0.0,0.0,0.0,0.0,0.0,0.0,0.0,0.0,0.0,0.0,0.0,0.0,0.0
2004-08-15,0.0,0.0,33202.5354663447,0.0,0.0,0.0,0.0,0.0,0.0,0.0,0.0,0.0,0.0,0.0,0.0
2004-08-22,0.0,0.0,32551.50535916147,0.0,0.0,0.0,0.0,0.0,0.0,0.0,0.0,0.0,0.0,0.0,0.0
2004-08-29,0.0,0.0,0.0,0.0,0.0,0.0,0.0,0.0,0.0,0.0,0.0,0.0,0.0,0.0,0.0
2004-09-05,26315.78947368421,0.0,0.0,0.0,0.0,0.0,0.0,0.0,0.0,0.0,0.0,0.0,0.0,0.0,0.0
2004-09-12,0.0,0.0,0.0,0.0,0.0,0.0,0.0,0.0,0.0,0.0,0.0,0.0,0.0,0.0,0.0
2004-09-19,43478.260869565216,0.0,86746.41839454781,43373.20919727391,0.0,0.0,0.0,0.0,0.0,0.0,0.0,0.0,0.0,0.0,0.0
2004-09-26,0.0,0.0,0.0,0.0,0.0,0.0,0.0,0.0,0.0,0.0,0.0,0.0,0.0,0.0,0.0
2004-10-03,0.0,0.0,0.0,0.0,0.0,0.0,0.0,0.0,0.0,0.0,0.0,0.0,0.0,0.0,0.0
2004-10-10,0.0,0.0,0.0,0.0,0.0,0.0,0.0,0.0,0.0,0.0,0.0,0.0,0.0,0.0,0.0
2004-10-17,0.0,0.0,0.0,0.0,0.0,0.0,0.0,0.0,0.0,0.0,0.0,0.0,0.0,0.0,0.0
2004-10-24,0.0,0.0,0.0,0.0,0.0,0.0,0.0,0.0,0.0,0.0,0.0,0.0,0.0,0.0,0.0
2004-10-31,0.0,0.0,0.0,0.0,0.0,0.0,0.0,0.0,0.0,0.0,0.0,0.0,0.0,0.0,0.0
2004-11-07,0.0,0.0,0.0,0.0,0.0,0.0,0.0,0.0,0.0,0.0,0.0,0.0,0.0,0.0,0.0
2004-11-14,0.0,0.0,45902.12276453185,45902.12276453185,0.0,0.0,0.0,0.0,0.0,0.0,0.0,0.0,0.0,0.0,0.0
2004-11-21,0.0,0.0,0.0,0.0,0.0,0.0,0.0,0.0,0.0,0.0,0.0,0.0,0.0,0.0,0.0
2004-11-28,0.0,0.0,0.0,0.0,0.0,0.0,0.0,0.0,0.0,0.0,0.0,0.0,0.0,0.0,0.0
2004-12-05,0.0,0.0,0.0,0.0,0.0,0.0,0.0,0.0,0.0,0.0,0.0,0.0,0.0,0.0,0.0
2004-12-12,0.0,0.0,40164.35741896537,0.0,0.0,40091.74936096181,0.0,0.0,0.0,0.0,0.0,0.0,0.0,0.0,0.0
2004-12-19,0.0,0.0,0.0,0.0,0.0,0.0,0.0,0.0,0.0,0.0,0.0,0.0,0.0,0.0,0.0
2004-12-26,0.0,0.0,0.0,0.0,0.0,0.0,0.0,0.0,0.0,0.0,0.0,0.0,0.0,0.0,0.0
2005-01-02,0.0,0.0,0.0,0.0,0.0,0.0,0.0,0.0,0.0,0.0,0.0,0.0,0.0,0.0,0.0
2005-01-09,0.0,0.0,0.0,0.0,0.0,0.0,0.0,0.0,0.0,0.0,0.0,0.0,0.0,0.0,0.0
2005-01-16,0.0,0.0,0.0,0.0,0.0,0.0,0.0,0.0,0.0,0.0,0.0,0.0,0.0,0.0,0.0
2005-01-23,0.0,0.0,0.0,0.0,0.0,0.0,0.0,0.0,0.0,0.0,0.0,0.0,0.0,0.0,0.0
2005-01-30,0.0,0.0,0.0,0.0,0.0,0.0,0.0,0.0,0.0,0.0,0.0,0.0,0.0,0.0,0.0
2005-02-06,0.0,0.0,0.0,0.0,0.0,0.0,0.0,0.0,0.0,0.0,0.0,0.0,0.0,0.0,0.0
2005-02-13,0.0,0.0,0.0,0.0,0.0,0.0,0.0,0.0,0.0,0.0,0.0,0.0,0.0,0.0,0.0
2005-02-20,0.0,0.0,0.0,0.0,0.0,0.0,0.0,0.0,0.0,0.0,0.0,0.0,0.0,0.0,0.0
2005-02-27,0.0,0.0,0.0,0.0,0.0,0.0,0.0,0.0,0.0,0.0,0.0,0.0,0.0,0.0,0.0
2005-03-06,0.0,0.0,0.0,0.0,0.0,0.0,0.0,0.0,0.0,0.0,0.0,0.0,0.0,0.0,0.0
2005-03-13,0.0,0.0,0.0,0.0,0.0,0.0,0.0,0.0,0.0,0.0,0.0,0.0,0.0,0.0,0.0
2005-03-20,0.0,0.0,0.0,0.0,0.0,0.0,0.0,0.0,0.0,0.0,0.0,0.0,0.0,0.0,0.0
2005-03-27,0.0,0.0,0.0,0.0,0.0,0.0,0.0,0.0,0.0,0.0,0.0,0.0,0.0,0.0,0.0
2005-04-03,0.0,0.0,0.0,0.0,0.0,0.0,0.0,0.0,0.0,0.0,0.0,0.0,0.0,0.0,0.0
2005-04-10,0.0,0.0,0.0,0.0,0.0,0.0,0.0,0.0,0.0,0.0,0.0,0.0,0.0,0.0,0.0
2005-04-17,0.0,0.0,0.0,0.0,0.0,0.0,0.0,0.0,0.0,0.0,0.0,0.0,0.0,0.0,0.0
2005-04-24,0.0,0.0,0.0,0.0,0.0,0.0,0.0,0.0,0.0,0.0,0.0,0.0,0.0,0.0,0.0
2005-05-01,0.0,0.0,0.0,0.0,0.0,0.0,0.0,0.0,0.0,0.0,0.0,0.0,0.0,0.0,0.0
2005-05-08,0.0,0.0,35375.312465861694,0.0,0.0,0.0,0.0,0.0,0.0,0.0,0.0,0.0,0.0,0.0,0.0
2005-05-15,0.0,0.0,82787.03830185061,0.0,0.0,0.0,0.0,0.0,0.0,0.0,0.0,0.0,0.0,0.0,0.0
2005-05-22,0.0,0.0,0.0,0.0,0.0,0.0,0.0,0.0,0.0,0.0,0.0,0.0,0.0,0.0,0.0
2005-05-29,75187.96992481203,0.0,75006.30161934585,75006.30161934585,0.0,0.0,0.0,0.0,0.0,0.0,0.0,0.0,0.0,0.0,0.0
2005-06-05,0.0,0.0,0.0,0.0,0.0,0.0,0.0,0.0,0.0,0.0,0.0,0.0,0.0,0.0,0.0
2005-06-12,0.0,0.0,0.0,0.0,0.0,0.0,0.0,0.0,0.0,0.0,0.0,0.0,0.0,0.0,0.0
2005-06-19,0.0,0.0,0.0,0.0,0.0,0.0,0.0,0.0,0.0,0.0,0.0,0.0,0.0,0.0,0.0
2005-06-26,0.0,0.0,0.0,0.0,0.0,0.0,0.0,0.0,0.0,0.0,0.0,0.0,0.0,0.0,0.0
2005-07-03,0.0,0.0,52150.579266509994,0.0,0.0,0.0,0.0,0.0,0.0,0.0,0.0,0.0,0.0,0.0,0.0
2005-07-10,0.0,0.0,0.0,0.0,0.0,0.0,0.0,0.0,0.0,0.0,0.0,0.0,0.0,0.0,0.0
2005-07-17,0.0,0.0,0.0,0.0,0.0,0.0,0.0,0.0,0.0,0.0,0.0,0.0,0.0,0.0,0.0
2005-07-24,0.0,0.0,0.0,0.0,0.0,0.0,0.0,0.0,0.0,0.0,0.0,0.0,0.0,0.0,0.0
2005-07-31,0.0,0.0,0.0,0.0,0.0,0.0,0.0,0.0,0.0,0.0,0.0,0.0,0.0,0.0,0.0
2005-08-07,0.0,0.0,0.0,0.0,0.0,0.0,0.0,0.0,0.0,0.0,0.0,0.0,0.0,0.0,0.0
2005-08-14,0.0,0.0,0.0,0.0,0.0,0.0,0.0,0.0,0.0,0.0,0.0,0.0,0.0,0.0,0.0
2005-08-21,0.0,0.0,0.0,0.0,0.0,0.0,0.0,0.0,0.0,0.0,0.0,0.0,0.0,0.0,0.0
2005-08-28,27624.309392265197,0.0,0.0,0.0,0.0,0.0,0.0,0.0,0.0,0.0,0.0,0.0,0.0,0.0,0.0
2005-09-04,0.0,0.0,29957.471817936934,29957.471817936934,0.0,0.0,0.0,0.0,0.0,0.0,0.0,0.0,0.0,0.0,0.0
2005-09-11,0.0,0.0,0.0,0.0,0.0,0.0,0.0,0.0,0.0,0.0,0.0,0.0,0.0,0.0,0.0
2005-09-18,0.0,0.0,32340.131947738348,0.0,0.0,0.0,0.0,0.0,0.0,0.0,0.0,0.0,0.0,0.0,0.0
2005-09-25,0.0,0.0,0.0,0.0,0.0,0.0,0.0,0.0,0.0,0.0,0.0,0.0,0.0,0.0,0.0
2005-10-02,0.0,0.0,0.0,0.0,0.0,0.0,0.0,0.0,0.0,0.0,0.0,0.0,0.0,0.0,0.0
2005-10-09,0.0,0.0,0.0,0.0,0.0,0.0,0.0,0.0,0.0,0.0,0.0,0.0,0.0,0.0,0.0
2005-10-16,0.0,0.0,0.0,0.0,0.0,0.0,0.0,0.0,0.0,0.0,0.0,0.0,0.0,0.0,0.0
2005-10-23,0.0,0.0,0.0,0.0,0.0,0.0,0.0,0.0,0.0,0.0,0.0,0.0,0.0,0.0,0.0
2005-10-30,0.0,0.0,0.0,0.0,0.0,0.0,0.0,0.0,0.0,0.0,0.0,0.0,0.0,0.0,0.0
2005-11-06,0.0,0.0,0.0,0.0,0.0,0.0,0.0,0.0,0.0,0.0,0.0,0.0,0.0,0.0,0.0
2005-11-13,0.0,0.0,0.0,0.0,0.0,0.0,0.0,0.0,0.0,0.0,0.0,0.0,0.0,0.0,0.0
2005-11-20,0.0,0.0,21513.52190043933,21513.52190043933,0.0,0.0,0.0,0.0,0.0,0.0,0.0,0.0,0.0,0.0,0.0
2005-11-27,18726.591760299627,0.0,18681.344785342695,18681.344785342695,0.0,0.0,0.0,0.0,0.0,0.0,0.0,0.0,0.0,0.0,0.0
2005-12-04,0.0,0.0,0.0,0.0,0.0,0.0,0.0,0.0,0.0,0.0,0.0,0.0,0.0,0.0,0.0
2005-12-11,35587.18861209964,0.0,35447.546761222104,35447.546761222104,0.0,0.0,0.0,0.0,0.0,0.0,0.0,0.0,0.0,0.0,0.0
2005-12-18,0.0,0.0,0.0,0.0,0.0,0.0,0.0,0.0,0.0,0.0,0.0,0.0,0.0,0.0,0.0
2005-12-25,0.0,0.0,0.0,0.0,0.0,0.0,0.0,0.0,0.0,0.0,0.0,0.0,0.0,0.0,0.0
2006-01-01,0.0,0.0,0.0,0.0,0.0,0.0,0.0,0.0,0.0,0.0,0.0,0.0,0.0,0.0,0.0
2006-01-08,0.0,0.0,0.0,0.0,0.0,0.0,0.0,0.0,0.0,0.0,0.0,0.0,0.0,0.0,0.0
2006-01-15,0.0,0.0,0.0,0.0,0.0,0.0,0.0,0.0,0.0,0.0,0.0,0.0,0.0,0.0,0.0
2006-01-22,0.0,0.0,0.0,0.0,0.0,0.0,0.0,0.0,0.0,0.0,0.0,0.0,0.0,0.0,0.0
2006-01-29,0.0,0.0,0.0,0.0,0.0,0.0,0.0,0.0,0.0,0.0,0.0,0.0,0.0,0.0,0.0
2006-02-05,0.0,0.0,0.0,0.0,0.0,0.0,0.0,0.0,0.0,0.0,0.0,0.0,0.0,0.0,0.0
2006-02-12,0.0,0.0,0.0,0.0,0.0,0.0,0.0,0.0,0.0,0.0,0.0,0.0,0.0,0.0,0.0
2006-02-19,0.0,0.0,0.0,0.0,0.0,0.0,0.0,0.0,0.0,0.0,0.0,0.0,0.0,0.0,0.0
2006-02-26,0.0,0.0,0.0,0.0,0.0,0.0,0.0,0.0,0.0,0.0,0.0,0.0,0.0,0.0,0.0
2006-03-05,0.0,0.0,0.0,0.0,0.0,0.0,0.0,0.0,0.0,0.0,0.0,0.0,0.0,0.0,0.0
2006-03-12,0.0,0.0,0.0,0.0,0.0,0.0,0.0,0.0,0.0,0.0,0.0,0.0,0.0,0.0,0.0
2006-03-19,0.0,0.0,0.0,0.0,0.0,0.0,0.0,0.0,0.0,0.0,0.0,0.0,0.0,0.0,0.0
2006-03-26,0.0,0.0,0.0,0.0,0.0,0.0,0.0,0.0,0.0,0.0,0.0,0.0,0.0,0.0,0.0
2006-04-02,0.0,0.0,0.0,0.0,0.0,0.0,0.0,0.0,0.0,0.0,0.0,0.0,0.0,0.0,0.0
2006-04-09,0.0,0.0,0.0,0.0,0.0,0.0,0.0,0.0,0.0,0.0,0.0,0.0,0.0,0.0,0.0
2006-04-16,0.0,0.0,0.0,0.0,0.0,0.0,0.0,0.0,0.0,0.0,0.0,0.0,0.0,0.0,0.0
2006-04-23,0.0,0.0,0.0,0.0,0.0,0.0,0.0,0.0,0.0,0.0,0.0,0.0,0.0,0.0,0.0
2006-04-30,0.0,0.0,0.0,0.0,0.0,0.0,0.0,0.0,0.0,0.0,0.0,0.0,0.0,0.0,0.0
2006-05-07,0.0,0.0,0.0,0.0,0.0,0.0,0.0,0.0,0.0,0.0,0.0,0.0,0.0,0.0,0.0
2006-05-14,0.0,0.0,0.0,0.0,0.0,0.0,0.0,0.0,0.0,0.0,0.0,0.0,0.0,0.0,0.0
2006-05-21,27548.209366391184,0.0,0.0,0.0,0.0,0.0,0.0,0.0,0.0,0.0,0.0,0.0,0.0,0.0,0.0
2006-05-28,0.0,0.0,0.0,0.0,0.0,0.0,0.0,0.0,0.0,0.0,0.0,0.0,0.0,0.0,0.0
2006-06-04,0.0,0.0,0.0,0.0,0.0,0.0,0.0,0.0,0.0,0.0,0.0,0.0,0.0,0.0,0.0
2006-06-11,0.0,0.0,0.0,0.0,0.0,0.0,0.0,0.0,0.0,0.0,0.0,0.0,0.0,0.0,0.0
2006-06-18,0.0,0.0,0.0,0.0,0.0,0.0,0.0,0.0,0.0,0.0,0.0,0.0,0.0,0.0,0.0
2006-06-25,24630.541871921178,0.0,0.0,0.0,0.0,0.0,0.0,0.0,0.0,0.0,0.0,0.0,0.0,0.0,0.0
2006-07-02,0.0,0.0,26531.484349396273,0.0,0.0,0.0,0.0,0.0,0.0,0.0,0.0,0.0,0.0,0.0,0.0
2006-07-09,0.0,0.0,0.0,0.0,0.0,0.0,0.0,0.0,0.0,0.0,0.0,0.0,0.0,0.0,0.0
2006-07-16,0.0,0.0,20913.706740823898,0.0,0.0,0.0,0.0,0.0,0.0,0.0,0.0,0.0,0.0,0.0,0.0
2006-07-23,0.0,0.0,0.0,0.0,0.0,0.0,0.0,0.0,0.0,0.0,0.0,0.0,0.0,0.0,0.0
2006-07-30,0.0,0.0,24096.227331818838,24096.227331818838,0.0,0.0,0.0,0.0,0.0,0.0,0.0,0.0,0.0,0.0,0.0
2006-08-06,0.0,0.0,0.0,0.0,0.0,0.0,0.0,0.0,0.0,0.0,0.0,0.0,0.0,0.0,0.0
2006-08-13,0.0,0.0,0.0,0.0,0.0,0.0,0.0,0.0,0.0,0.0,0.0,0.0,0.0,0.0,0.0
2006-08-20,26385.224274406333,0.0,0.0,0.0,0.0,0.0,0.0,0.0,0.0,0.0,0.0,0.0,0.0,0.0,0.0
2006-08-27,0.0,0.0,24038.164133428912,0.0,0.0,0.0,0.0,0.0,0.0,0.0,0.0,0.0,0.0,0.0,0.0
2006-09-03,0.0,0.0,0.0,0.0,0.0,0.0,0.0,0.0,0.0,0.0,0.0,0.0,0.0,0.0,0.0
2006-09-10,0.0,0.0,47659.14181771967,0.0,0.0,0.0,0.0,0.0,0.0,0.0,0.0,0.0,0.0,0.0,0.0
2006-09-17,0.0,0.0,0.0,0.0,0.0,0.0,0.0,0.0,0.0,0.0,0.0,0.0,0.0,0.0,0.0
2006-09-24,0.0,0.0,0.0,0.0,0.0,0.0,0.0,0.0,0.0,0.0,0.0,0.0,0.0,0.0,0.0
2006-10-01,0.0,0.0,0.0,0.0,0.0,0.0,0.0,0.0,0.0,0.0,0.0,0.0,0.0,0.0,0.0
2006-10-08,0.0,0.0,0.0,0.0,0.0,0.0,0.0,0.0,0.0,0.0,0.0,0.0,0.0,0.0,0.0
2006-10-15,43478.26086956521,0.0,0.0,0.0,0.0,0.0,0.0,0.0,0.0,0.0,0.0,0.0,0.0,0.0,0.0
2006-10-22,0.0,0.0,0.0,0.0,0.0,0.0,0.0,0.0,0.0,0.0,0.0,0.0,0.0,0.0,0.0
2006-10-29,0.0,0.0,0.0,0.0,0.0,0.0,0.0,0.0,0.0,0.0,0.0,0.0,0.0,0.0,0.0
2006-11-05,0.0,0.0,0.0,0.0,0.0,0.0,0.0,0.0,0.0,0.0,0.0,0.0,0.0,0.0,0.0
2006-11-12,0.0,0.0,0.0,0.0,0.0,0.0,0.0,0.0,0.0,0.0,0.0,0.0,0.0,0.0,0.0
2006-11-19,0.0,0.0,0.0,0.0,0.0,0.0,0.0,0.0,0.0,0.0,0.0,0.0,0.0,0.0,0.0
2006-11-26,0.0,0.0,0.0,0.0,0.0,24346.682607859195,0.0,0.0,0.0,0.0,0.0,0.0,0.0,0.0,0.0
2006-12-03,0.0,0.0,0.0,0.0,0.0,0.0,0.0,0.0,0.0,0.0,0.0,0.0,0.0,0.0,0.0
2006-12-10,0.0,0.0,37362.68957068539,37362.68957068539,0.0,0.0,0.0,0.0,0.0,0.0,0.0,0.0,0.0,0.0,0.0
2006-12-17,32573.28990228013,0.0,0.0,0.0,0.0,0.0,0.0,0.0,0.0,0.0,0.0,0.0,0.0,0.0,0.0
2006-12-24,0.0,0.0,0.0,0.0,0.0,0.0,0.0,0.0,0.0,0.0,0.0,0.0,0.0,0.0,0.0
2006-12-31,0.0,0.0,0.0,0.0,0.0,0.0,0.0,0.0,0.0,0.0,0.0,0.0,0.0,0.0,0.0
2007-01-07,0.0,0.0,0.0,0.0,0.0,0.0,0.0,0.0,0.0,0.0,0.0,0.0,0.0,0.0,0.0
2007-01-14,0.0,0.0,16247.293347513027,16247.293347513027,0.0,0.0,0.0,0.0,0.0,0.0,0.0,0.0,0.0,0.0,0.0
2007-01-21,0.0,0.0,0.0,0.0,0.0,0.0,0.0,0.0,0.0,0.0,0.0,0.0,0.0,0.0,0.0
2007-01-28,0.0,0.0,0.0,0.0,0.0,0.0,0.0,0.0,0.0,0.0,0.0,0.0,0.0,0.0,0.0
2007-02-04,13404.825737265415,0.0,0.0,0.0,0.0,0.0,0.0,0.0,0.0,0.0,0.0,0.0,0.0,0.0,0.0
2007-02-11,0.0,0.0,0.0,0.0,0.0,0.0,0.0,0.0,0.0,0.0,0.0,0.0,0.0,0.0,0.0
2007-02-18,0.0,0.0,14498.92378443,0.0,0.0,0.0,0.0,0.0,0.0,0.0,0.0,0.0,0.0,0.0,0.0
2007-02-25,0.0,0.0,0.0,0.0,0.0,0.0,0.0,0.0,0.0,0.0,0.0,0.0,0.0,0.0,0.0
2007-03-04,0.0,0.0,0.0,0.0,0.0,0.0,0.0,0.0,0.0,0.0,0.0,0.0,0.0,0.0,0.0
2007-03-11,0.0,0.0,0.0,0.0,0.0,0.0,0.0,0.0,0.0,0.0,0.0,0.0,0.0,0.0,0.0
2007-03-18,0.0,0.0,0.0,0.0,0.0,0.0,0.0,0.0,0.0,0.0,0.0,0.0,0.0,0.0,0.0
2007-03-25,0.0,0.0,0.0,0.0,0.0,0.0,0.0,0.0,0.0,0.0,0.0,0.0,0.0,0.0,0.0
2007-04-01,0.0,0.0,0.0,0.0,0.0,0.0,0.0,0.0,0.0,0.0,0.0,0.0,0.0,0.0,0.0
2007-04-08,0.0,0.0,0.0,0.0,0.0,0.0,0.0,0.0,0.0,0.0,0.0,0.0,0.0,0.0,0.0
2007-04-15,0.0,0.0,0.0,0.0,0.0,0.0,0.0,0.0,0.0,0.0,0.0,0.0,0.0,0.0,0.0
2007-04-22,0.0,0.0,0.0,0.0,0.0,0.0,0.0,0.0,0.0,0.0,0.0,0.0,0.0,0.0,0.0
2007-04-29,0.0,0.0,0.0,0.0,0.0,0.0,0.0,0.0,0.0,0.0,0.0,0.0,0.0,0.0,0.0
2007-05-06,0.0,0.0,0.0,0.0,0.0,0.0,0.0,0.0,0.0,0.0,0.0,0.0,0.0,0.0,0.0
2007-05-13,0.0,0.0,0.0,0.0,0.0,0.0,0.0,0.0,0.0,0.0,0.0,0.0,0.0,0.0,0.0
2007-05-20,0.0,0.0,16117.735663274127,0.0,0.0,0.0,0.0,0.0,0.0,0.0,0.0,0.0,0.0,0.0,0.0
2007-05-27,15174.50682852807,0.0,14800.535869098678,0.0,0.0,0.0,0.0,0.0,0.0,0.0,0.0,0.0,0.0,0.0,0.0
2007-06-03,0.0,0.0,0.0,0.0,0.0,0.0,0.0,0.0,0.0,0.0,0.0,0.0,0.0,0.0,0.0
2007-06-10,18656.716417910447,0.0,21467.15655151597,0.0,0.0,0.0,0.0,0.0,0.0,0.0,0.0,0.0,0.0,0.0,0.0
2007-06-17,0.0,0.0,13442.3220511517,0.0,0.0,0.0,0.0,0.0,0.0,0.0,0.0,0.0,0.0,0.0,0.0
2007-06-24,0.0,0.0,0.0,0.0,0.0,0.0,0.0,0.0,0.0,0.0,0.0,0.0,0.0,0.0,0.0
2007-07-01,10615.711252653928,0.0,21414.054654527557,10574.055881001497,0.0,0.0,0.0,0.0,0.0,0.0,0.0,0.0,0.0,0.0,0.0
2007-07-08,11574.074074074073,0.0,0.0,0.0,0.0,0.0,0.0,0.0,0.0,0.0,0.0,0.0,0.0,0.0,0.0
2007-07-15,0.0,0.0,11374.957942272518,0.0,0.0,0.0,0.0,0.0,0.0,0.0,0.0,0.0,0.0,0.0,0.0
2007-07-22,12547.015680064213,0.0,12419.90104726111,12419.90104726111,0.0,0.0,0.0,0.0,0.0,0.0,0.0,0.0,0.0,0.0,0.0
2007-07-29,14792.899408284024,0.0,14734.853017608595,0.0,0.0,0.0,0.0,0.0,0.0,0.0,0.0,0.0,0.0,0.0,0.0
2007-08-05,12919.896640826873,0.0,12888.67973562403,12888.67973562403,0.0,0.0,0.0,0.0,0.0,0.0,0.0,0.0,0.0,0.0,0.0
2007-08-12,0.0,0.0,0.0,0.0,0.0,0.0,0.0,0.0,0.0,0.0,0.0,0.0,0.0,0.0,0.0
2007-08-19,0.0,0.0,0.0,0.0,0.0,0.0,0.0,0.0,0.0,0.0,0.0,0.0,0.0,0.0,0.0
2007-08-26,11148.272017837235,0.0,0.0,0.0,0.0,0.0,0.0,0.0,0.0,0.0,0.0,0.0,0.0,0.0,0.0
2007-09-02,0.0,0.0,0.0,0.0,0.0,0.0,0.0,0.0,0.0,0.0,0.0,0.0,0.0,0.0,0.0
2007-09-09,0.0,0.0,12077.285853962469,0.0,0.0,0.0,0.0,0.0,0.0,0.0,0.0,0.0,0.0,0.0,0.0
2007-09-16,11507.60620877443,0.0,11208.806871205617,11208.806871205617,0.0,0.0,0.0,0.0,0.0,0.0,0.0,0.0,0.0,0.0,0.0
2007-09-23,0.0,0.0,0.0,0.0,0.0,0.0,0.0,0.0,0.0,0.0,0.0,0.0,0.0,0.0,0.0
2007-09-30,0.0,0.0,0.0,0.0,0.0,0.0,0.0,0.0,0.0,0.0,0.0,0.0,0.0,0.0,0.0
2007-10-07,0.0,0.0,0.0,0.0,0.0,0.0,0.0,0.0,0.0,0.0,0.0,0.0,0.0,0.0,0.0
2007-10-14,0.0,0.0,0.0,0.0,0.0,0.0,0.0,0.0,0.0,0.0,0.0,0.0,0.0,0.0,0.0
2007-10-21,0.0,0.0,0.0,0.0,0.0,0.0,0.0,0.0,0.0,0.0,0.0,0.0,0.0,0.0,0.0
2007-10-28,0.0,0.0,0.0,0.0,0.0,0.0,0.0,0.0,0.0,0.0,0.0,0.0,0.0,0.0,0.0
2007-11-04,0.0,0.0,0.0,0.0,0.0,0.0,0.0,0.0,0.0,0.0,0.0,0.0,0.0,0.0,0.0
2007-11-11,0.0,0.0,0.0,0.0,0.0,0.0,0.0,0.0,0.0,0.0,0.0,0.0,0.0,0.0,0.0
2007-11-18,0.0,0.0,0.0,0.0,0.0,0.0,0.0,0.0,0.0,0.0,0.0,0.0,0.0,0.0,0.0
2007-11-25,0.0,0.0,0.0,0.0,0.0,0.0,0.0,0.0,0.0,0.0,0.0,0.0,0.0,0.0,0.0
2007-12-02,0.0,0.0,0.0,0.0,0.0,0.0,0.0,0.0,0.0,0.0,0.0,0.0,0.0,0.0,0.0
2007-12-09,0.0,0.0,0.0,0.0,0.0,0.0,0.0,0.0,0.0,0.0,0.0,0.0,0.0,0.0,0.0
2007-12-16,0.0,0.0,0.0,0.0,0.0,0.0,0.0,0.0,0.0,0.0,0.0,0.0,0.0,0.0,0.0
2007-12-23,17730.49645390071,0.0,0.0,0.0,0.0,0.0,0.0,0.0,0.0,0.0,0.0,0.0,0.0,0.0,0.0
2007-12-30,0.0,0.0,0.0,0.0,0.0,0.0,0.0,0.0,0.0,0.0,0.0,0.0,0.0,0.0,0.0
2008-01-06,0.0,0.0,0.0,0.0,0.0,0.0,0.0,0.0,0.0,0.0,0.0,0.0,0.0,0.0,0.0
2008-01-13,0.0,0.0,0.0,0.0,0.0,0.0,0.0,0.0,0.0,0.0,0.0,0.0,0.0,0.0,0.0
2008-01-20,0.0,0.0,0.0,0.0,0.0,0.0,0.0,0.0,0.0,0.0,0.0,0.0,0.0,0.0,0.0
2008-01-27,0.0,0.0,0.0,0.0,0.0,0.0,0.0,0.0,0.0,0.0,0.0,0.0,0.0,0.0,0.0
2008-02-03,0.0,0.0,14436.813481002891,0.0,0.0,0.0,0.0,0.0,0.0,0.0,0.0,0.0,0.0,0.0,0.0
2008-02-10,0.0,0.0,0.0,0.0,0.0,0.0,0.0,0.0,0.0,0.0,0.0,0.0,0.0,0.0,0.0
2008-02-17,0.0,0.0,0.0,0.0,0.0,0.0,0.0,0.0,0.0,0.0,0.0,0.0,0.0,0.0,0.0
2008-02-24,0.0,0.0,0.0,0.0,0.0,0.0,0.0,0.0,0.0,0.0,0.0,0.0,0.0,0.0,0.0
2008-03-02,0.0,0.0,0.0,0.0,0.0,0.0,0.0,0.0,0.0,0.0,0.0,0.0,0.0,0.0,0.0
2008-03-09,0.0,0.0,0.0,0.0,0.0,0.0,0.0,0.0,0.0,0.0,0.0,0.0,0.0,0.0,0.0
2008-03-16,0.0,0.0,0.0,0.0,0.0,0.0,0.0,0.0,0.0,0.0,0.0,0.0,0.0,0.0,0.0
2008-03-23,0.0,0.0,0.0,0.0,0.0,0.0,0.0,0.0,0.0,0.0,0.0,0.0,0.0,0.0,0.0
2008-03-30,0.0,0.0,0.0,0.0,0.0,0.0,0.0,0.0,0.0,0.0,0.0,0.0,0.0,0.0,0.0
2008-04-06,0.0,0.0,0.0,0.0,0.0,0.0,0.0,0.0,0.0,0.0,0.0,0.0,0.0,0.0,0.0
2008-04-13,0.0,0.0,0.0,0.0,0.0,0.0,0.0,0.0,0.0,0.0,0.0,0.0,0.0,0.0,0.0
2008-04-20,0.0,0.0,26421.115755711966,0.0,0.0,0.0,0.0,0.0,0.0,0.0,0.0,0.0,0.0,0.0,0.0
2008-04-27,0.0,0.0,0.0,0.0,0.0,0.0,0.0,0.0,0.0,0.0,0.0,0.0,0.0,0.0,0.0
2008-05-04,0.0,0.0,0.0,0.0,0.0,0.0,0.0,0.0,0.0,0.0,0.0,0.0,0.0,0.0,0.0
2008-05-11,29239.766081871345,0.0,0.0,0.0,0.0,0.0,0.0,0.0,0.0,0.0,0.0,0.0,0.0,0.0,0.0
2008-05-18,0.0,0.0,0.0,0.0,0.0,0.0,0.0,0.0,0.0,0.0,0.0,0.0,0.0,0.0,0.0
2008-05-25,0.0,0.0,0.0,0.0,0.0,0.0,0.0,0.0,0.0,0.0,0.0,0.0,0.0,0.0,0.0
2008-06-01,0.0,0.0,0.0,0.0,0.0,0.0,0.0,0.0,0.0,0.0,0.0,0.0,0.0,0.0,0.0
2008-06-08,0.0,0.0,0.0,0.0,0.0,0.0,0.0,0.0,0.0,0.0,0.0,0.0,0.0,0.0,0.0
2008-06-15,0.0,0.0,0.0,0.0,0.0,0.0,0.0,0.0,0.0,0.0,0.0,0.0,0.0,0.0,0.0
2008-06-22,0.0,0.0,0.0,0.0,0.0,0.0,0.0,0.0,0.0,0.0,0.0,0.0,0.0,0.0,0.0
2008-06-29,0.0,0.0,0.0,0.0,0.0,0.0,0.0,0.0,0.0,0.0,0.0,0.0,0.0,0.0,0.0
2008-07-06,23364.48598130841,0.0,23308.032979843454,23308.032979843454,0.0,0.0,0.0,0.0,0.0,0.0,0.0,0.0,0.0,0.0,0.0
2008-07-13,0.0,0.0,0.0,0.0,0.0,0.0,0.0,0.0,0.0,0.0,0.0,0.0,0.0,0.0,0.0
2008-07-20,0.0,0.0,27331.063329789038,0.0,0.0,0.0,0.0,0.0,0.0,0.0,0.0,0.0,0.0,0.0,0.0
2008-07-27,0.0,0.0,0.0,0.0,0.0,0.0,0.0,0.0,0.0,0.0,0.0,0.0,0.0,0.0,0.0
2008-08-03,0.0,0.0,0.0,0.0,0.0,0.0,0.0,0.0,0.0,0.0,0.0,0.0,0.0,0.0,0.0
2008-08-10,0.0,0.0,0.0,0.0,0.0,0.0,0.0,0.0,0.0,0.0,0.0,0.0,0.0,0.0,0.0
2008-08-17,0.0,0.0,0.0,0.0,0.0,0.0,0.0,0.0,0.0,0.0,0.0,0.0,0.0,0.0,0.0
2008-08-24,0.0,0.0,0.0,0.0,0.0,0.0,0.0,0.0,0.0,0.0,0.0,0.0,0.0,0.0,0.0
2008-08-31,0.0,0.0,31621.462348899713,31621.462348899713,0.0,0.0,0.0,0.0,0.0,0.0,0.0,0.0,0.0,0.0,0.0
2008-09-07,32786.885245901634,0.0,32658.23160624069,32658.23160624069,0.0,0.0,0.0,0.0,0.0,0.0,0.0,0.0,0.0,0.0,0.0
2008-09-14,0.0,0.0,0.0,0.0,0.0,0.0,0.0,0.0,0.0,0.0,0.0,0.0,0.0,0.0,0.0
2008-09-21,0.0,0.0,37873.61460039319,0.0,0.0,0.0,0.0,0.0,0.0,0.0,0.0,0.0,0.0,0.0,0.0
2008-09-28,40650.40650406504,0.0,40552.18746086585,40552.18746086585,0.0,0.0,0.0,0.0,0.0,0.0,0.0,0.0,0.0,0.0,0.0
2008-10-05,0.0,0.0,0.0,0.0,0.0,0.0,0.0,0.0,0.0,0.0,0.0,0.0,0.0,0.0,0.0
2008-10-12,0.0,0.0,0.0,0.0,0.0,0.0,0.0,0.0,0.0,0.0,0.0,0.0,0.0,0.0,0.0
2008-10-19,0.0,0.0,0.0,0.0,0.0,0.0,0.0,0.0,0.0,0.0,0.0,0.0,0.0,0.0,0.0
2008-10-26,0.0,0.0,0.0,0.0,0.0,0.0,0.0,0.0,0.0,0.0,0.0,0.0,0.0,0.0,0.0
2008-11-02,0.0,0.0,0.0,0.0,0.0,0.0,0.0,0.0,0.0,0.0,0.0,0.0,0.0,0.0,0.0
2008-11-09,0.0,0.0,0.0,0.0,0.0,0.0,0.0,0.0,0.0,0.0,0.0,0.0,0.0,0.0,0.0
2008-11-16,0.0,0.0,0.0,0.0,0.0,0.0,0.0,0.0,0.0,0.0,0.0,0.0,0.0,0.0,0.0
2008-11-23,0.0,0.0,0.0,0.0,0.0,0.0,0.0,0.0,0.0,0.0,0.0,0.0,0.0,0.0,0.0
2008-11-30,0.0,0.0,0.0,0.0,0.0,0.0,0.0,0.0,0.0,0.0,0.0,0.0,0.0,0.0,0.0
2008-12-07,0.0,0.0,0.0,0.0,0.0,0.0,0.0,0.0,0.0,0.0,0.0,0.0,0.0,0.0,0.0
2008-12-14,0.0,0.0,0.0,0.0,0.0,0.0,0.0,0.0,0.0,0.0,0.0,0.0,0.0,0.0,0.0
2008-12-21,0.0,0.0,0.0,0.0,0.0,0.0,0.0,0.0,0.0,0.0,0.0,0.0,0.0,0.0,0.0
2008-12-28,0.0,0.0,0.0,0.0,0.0,0.0,0.0,0.0,0.0,0.0,0.0,0.0,0.0,0.0,0.0
2009-01-04,34843.20557491289,0.0,35099.80209195921,34759.0178235993,0.0,0.0,0.0,0.0,0.0,0.0,0.0,0.0,0.0,0.0,0.0
2009-01-11,0.0,0.0,0.0,0.0,0.0,0.0,0.0,0.0,0.0,0.0,0.0,0.0,0.0,0.0,0.0
2009-01-18,0.0,0.0,0.0,0.0,0.0,0.0,0.0,0.0,0.0,0.0,0.0,0.0,0.0,0.0,0.0
2009-01-25,0.0,0.0,0.0,0.0,0.0,0.0,0.0,0.0,0.0,0.0,0.0,0.0,0.0,0.0,0.0
2009-02-01,0.0,0.0,0.0,0.0,0.0,0.0,0.0,0.0,0.0,0.0,0.0,0.0,0.0,0.0,0.0
2009-02-08,0.0,0.0,0.0,0.0,0.0,0.0,0.0,0.0,0.0,0.0,0.0,0.0,0.0,0.0,0.0
2009-02-15,0.0,0.0,0.0,0.0,0.0,0.0,0.0,0.0,0.0,0.0,0.0,0.0,0.0,0.0,0.0
2009-02-22,0.0,0.0,0.0,0.0,0.0,0.0,0.0,0.0,0.0,0.0,0.0,0.0,0.0,0.0,0.0
2009-03-01,0.0,0.0,0.0,0.0,0.0,0.0,0.0,0.0,0.0,0.0,0.0,0.0,0.0,0.0,0.0
2009-03-08,0.0,0.0,0.0,0.0,0.0,0.0,0.0,0.0,0.0,0.0,0.0,0.0,0.0,0.0,0.0
2009-03-15,0.0,0.0,0.0,0.0,0.0,0.0,0.0,0.0,0.0,0.0,0.0,0.0,0.0,0.0,0.0
2009-03-22,0.0,0.0,0.0,0.0,0.0,0.0,0.0,0.0,0.0,0.0,0.0,0.0,0.0,0.0,0.0
2009-03-29,0.0,0.0,0.0,0.0,0.0,0.0,0.0,0.0,0.0,0.0,0.0,0.0,0.0,0.0,0.0
2009-04-05,0.0,0.0,0.0,0.0,0.0,0.0,0.0,0.0,0.0,0.0,0.0,0.0,0.0,0.0,0.0
2009-04-12,0.0,0.0,0.0,0.0,0.0,0.0,0.0,0.0,0.0,0.0,0.0,0.0,0.0,0.0,0.0
2009-04-19,0.0,0.0,0.0,0.0,0.0,0.0,0.0,0.0,0.0,0.0,0.0,0.0,0.0,0.0,0.0
2009-04-26,0.0,0.0,0.0,0.0,0.0,0.0,0.0,0.0,0.0,0.0,0.0,0.0,0.0,0.0,0.0
2009-05-03,0.0,0.0,0.0,0.0,0.0,0.0,0.0,0.0,0.0,0.0,0.0,0.0,0.0,0.0,0.0
2009-05-10,0.0,0.0,0.0,0.0,0.0,0.0,0.0,0.0,0.0,0.0,0.0,0.0,0.0,0.0,0.0
2009-05-17,0.0,0.0,0.0,0.0,0.0,0.0,0.0,0.0,0.0,0.0,0.0,0.0,0.0,0.0,0.0
2009-05-24,0.0,0.0,0.0,0.0,0.0,0.0,0.0,0.0,0.0,0.0,0.0,0.0,0.0,0.0,0.0
2009-05-31,0.0,0.0,0.0,0.0,0.0,0.0,0.0,0.0,0.0,0.0,0.0,0.0,0.0,0.0,0.0
2009-06-07,0.0,0.0,0.0,0.0,0.0,0.0,0.0,0.0,0.0,0.0,0.0,0.0,0.0,0.0,0.0
2009-06-14,0.0,0.0,0.0,0.0,0.0,0.0,0.0,0.0,0.0,0.0,0.0,0.0,0.0,0.0,0.0
2009-06-21,0.0,0.0,0.0,0.0,0.0,0.0,0.0,0.0,0.0,0.0,0.0,0.0,0.0,0.0,0.0
2009-06-28,0.0,0.0,0.0,0.0,0.0,0.0,0.0,0.0,0.0,0.0,0.0,0.0,0.0,0.0,0.0
2009-07-05,0.0,0.0,0.0,0.0,0.0,0.0,0.0,0.0,0.0,0.0,0.0,0.0,0.0,0.0,0.0
2009-07-12,0.0,0.0,0.0,0.0,0.0,0.0,0.0,0.0,0.0,0.0,0.0,0.0,0.0,0.0,0.0
2009-07-19,0.0,0.0,0.0,0.0,0.0,0.0,0.0,0.0,0.0,0.0,0.0,0.0,0.0,0.0,0.0
2009-07-26,0.0,0.0,0.0,0.0,0.0,0.0,0.0,0.0,0.0,0.0,0.0,0.0,0.0,0.0,0.0
2009-08-02,0.0,0.0,0.0,0.0,0.0,0.0,0.0,0.0,0.0,0.0,0.0,0.0,0.0,0.0,0.0
2009-08-09,0.0,0.0,0.0,0.0,0.0,0.0,0.0,0.0,0.0,0.0,0.0,0.0,0.0,0.0,0.0
2009-08-16,0.0,0.0,0.0,0.0,0.0,0.0,0.0,0.0,0.0,0.0,0.0,0.0,0.0,0.0,0.0
2009-08-23,0.0,0.0,0.0,0.0,0.0,0.0,0.0,0.0,0.0,0.0,0.0,0.0,0.0,0.0,0.0
2009-08-30,0.0,0.0,0.0,0.0,0.0,0.0,0.0,0.0,0.0,0.0,0.0,0.0,0.0,0.0,0.0
2009-09-06,0.0,0.0,0.0,0.0,0.0,0.0,0.0,0.0,0.0,0.0,0.0,0.0,0.0,0.0,0.0
2009-09-13,0.0,0.0,0.0,0.0,0.0,0.0,0.0,0.0,0.0,0.0,0.0,0.0,0.0,0.0,0.0
2009-09-20,0.0,0.0,0.0,0.0,0.0,0.0,0.0,0.0,0.0,0.0,0.0,0.0,0.0,0.0,0.0
2009-09-27,0.0,0.0,0.0,0.0,0.0,0.0,0.0,0.0,0.0,0.0,0.0,0.0,0.0,0.0,0.0
2009-10-04,0.0,0.0,0.0,0.0,0.0,0.0,0.0,0.0,0.0,0.0,0.0,0.0,0.0,0.0,0.0
2009-10-11,0.0,0.0,0.0,0.0,0.0,0.0,0.0,0.0,0.0,0.0,0.0,0.0,0.0,0.0,0.0
2009-10-18,0.0,0.0,0.0,0.0,0.0,0.0,0.0,0.0,0.0,0.0,0.0,0.0,0.0,0.0,0.0
2009-10-25,0.0,0.0,0.0,0.0,0.0,0.0,0.0,0.0,0.0,0.0,0.0,0.0,0.0,0.0,0.0
2009-11-01,0.0,0.0,0.0,0.0,0.0,0.0,0.0,0.0,0.0,0.0,0.0,0.0,0.0,0.0,0.0
2009-11-08,0.0,0.0,0.0,0.0,0.0,0.0,0.0,0.0,0.0,0.0,0.0,0.0,0.0,0.0,0.0
2009-11-15,0.0,0.0,0.0,0.0,0.0,0.0,0.0,0.0,0.0,0.0,0.0,0.0,0.0,0.0,0.0
2009-11-22,0.0,0.0,0.0,0.0,0.0,0.0,0.0,0.0,0.0,0.0,0.0,0.0,0.0,0.0,0.0
2009-11-29,0.0,0.0,0.0,0.0,0.0,0.0,0.0,0.0,0.0,0.0,0.0,0.0,0.0,0.0,0.0
2009-12-06,0.0,0.0,0.0,0.0,0.0,0.0,0.0,0.0,0.0,0.0,0.0,0.0,0.0,0.0,0.0
2009-12-13,0.0,0.0,0.0,0.0,0.0,0.0,0.0,0.0,0.0,0.0,0.0,0.0,0.0,0.0,0.0
2009-12-20,0.0,0.0,0.0,0.0,0.0,0.0,0.0,0.0,0.0,0.0,0.0,0.0,0.0,0.0,0.0
2009-12-27,0.0,0.0,0.0,0.0,0.0,0.0,0.0,0.0,0.0,0.0,0.0,0.0,0.0,0.0,0.0
2010-01-03,0.0,0.0,0.0,0.0,0.0,0.0,0.0,0.0,0.0,0.0,0.0,0.0,0.0,0.0,0.0
2010-01-10,0.0,0.0,0.0,0.0,0.0,0.0,0.0,0.0,0.0,0.0,0.0,0.0,0.0,0.0,0.0
2010-01-17,0.0,0.0,0.0,0.0,0.0,0.0,0.0,0.0,0.0,0.0,0.0,0.0,0.0,0.0,0.0
2010-01-24,0.0,0.0,0.0,0.0,0.0,0.0,0.0,0.0,0.0,0.0,0.0,0.0,0.0,0.0,0.0
2010-01-31,0.0,0.0,0.0,0.0,0.0,0.0,0.0,0.0,0.0,0.0,0.0,0.0,0.0,0.0,0.0
2010-02-07,0.0,0.0,0.0,0.0,0.0,0.0,0.0,0.0,0.0,0.0,0.0,0.0,0.0,0.0,0.0
2010-02-14,0.0,0.0,0.0,0.0,0.0,0.0,0.0,0.0,0.0,0.0,0.0,0.0,0.0,0.0,0.0
2010-02-21,0.0,0.0,0.0,0.0,0.0,0.0,0.0,0.0,0.0,0.0,0.0,0.0,0.0,0.0,0.0
2010-02-28,0.0,0.0,0.0,0.0,0.0,0.0,0.0,0.0,0.0,0.0,0.0,0.0,0.0,0.0,0.0
2010-03-07,0.0,0.0,0.0,0.0,0.0,0.0,0.0,0.0,0.0,0.0,0.0,0.0,0.0,0.0,0.0
2010-03-14,0.0,0.0,0.0,0.0,0.0,0.0,0.0,0.0,0.0,0.0,0.0,0.0,0.0,0.0,0.0
2010-03-21,0.0,0.0,0.0,0.0,0.0,0.0,0.0,0.0,0.0,0.0,0.0,0.0,0.0,0.0,0.0
2010-03-28,0.0,0.0,0.0,0.0,0.0,0.0,0.0,0.0,0.0,0.0,0.0,0.0,0.0,0.0,0.0
2010-04-04,0.0,0.0,0.0,0.0,0.0,0.0,0.0,0.0,0.0,0.0,0.0,0.0,0.0,0.0,0.0
2010-04-11,0.0,0.0,0.0,0.0,0.0,0.0,0.0,0.0,0.0,0.0,0.0,0.0,0.0,0.0,0.0
2010-04-18,0.0,0.0,0.0,0.0,0.0,0.0,0.0,0.0,0.0,0.0,0.0,0.0,0.0,0.0,0.0
2010-04-25,0.0,0.0,0.0,0.0,0.0,0.0,0.0,0.0,0.0,0.0,0.0,0.0,0.0,0.0,0.0
2010-05-02,39215.686274509804,0.0,39061.80643099377,39061.80643099377,0.0,0.0,0.0,0.0,0.0,0.0,0.0,0.0,0.0,0.0,0.0
2010-05-09,0.0,0.0,0.0,0.0,0.0,0.0,0.0,0.0,0.0,0.0,0.0,0.0,0.0,0.0,0.0
2010-05-16,0.0,0.0,0.0,0.0,0.0,0.0,0.0,0.0,0.0,0.0,0.0,0.0,0.0,0.0,0.0
2010-05-23,0.0,0.0,0.0,0.0,0.0,0.0,0.0,0.0,0.0,0.0,0.0,0.0,0.0,0.0,0.0
2010-05-30,0.0,0.0,0.0,0.0,0.0,0.0,0.0,0.0,0.0,0.0,0.0,0.0,0.0,0.0,0.0
2010-06-06,0.0,0.0,0.0,0.0,0.0,0.0,0.0,0.0,0.0,0.0,0.0,0.0,0.0,0.0,0.0
2010-06-13,0.0,0.0,0.0,0.0,0.0,0.0,0.0,0.0,0.0,0.0,0.0,0.0,0.0,0.0,0.0
2010-06-20,0.0,0.0,0.0,0.0,0.0,0.0,0.0,0.0,0.0,0.0,0.0,0.0,0.0,0.0,0.0
2010-06-27,0.0,0.0,0.0,0.0,0.0,0.0,0.0,0.0,0.0,0.0,0.0,0.0,0.0,0.0,0.0
2010-07-04,0.0,0.0,0.0,0.0,0.0,0.0,0.0,0.0,0.0,0.0,0.0,0.0,0.0,0.0,0.0
2010-07-11,0.0,0.0,0.0,0.0,0.0,0.0,0.0,0.0,0.0,0.0,0.0,0.0,0.0,0.0,0.0
2010-07-18,0.0,0.0,0.0,0.0,0.0,0.0,0.0,0.0,0.0,0.0,0.0,0.0,0.0,0.0,0.0
2010-07-25,0.0,0.0,0.0,0.0,0.0,0.0,0.0,0.0,0.0,0.0,0.0,0.0,0.0,0.0,0.0
2010-08-01,0.0,0.0,0.0,0.0,0.0,0.0,0.0,0.0,0.0,0.0,0.0,0.0,0.0,0.0,0.0
2010-08-08,0.0,0.0,0.0,0.0,0.0,0.0,0.0,0.0,0.0,0.0,0.0,0.0,0.0,0.0,0.0
2010-08-15,0.0,0.0,0.0,0.0,0.0,0.0,0.0,0.0,0.0,0.0,0.0,0.0,0.0,0.0,0.0
2010-08-22,0.0,0.0,0.0,0.0,0.0,0.0,0.0,0.0,0.0,0.0,0.0,0.0,0.0,0.0,0.0
2010-08-29,0.0,0.0,0.0,0.0,0.0,0.0,0.0,0.0,0.0,0.0,0.0,0.0,0.0,0.0,0.0
2010-09-05,0.0,0.0,0.0,0.0,0.0,0.0,0.0,0.0,0.0,0.0,0.0,0.0,0.0,0.0,0.0
2010-09-12,0.0,0.0,0.0,0.0,0.0,0.0,0.0,0.0,0.0,0.0,0.0,0.0,0.0,0.0,0.0
2010-09-19,0.0,0.0,0.0,0.0,0.0,0.0,0.0,0.0,0.0,0.0,0.0,0.0,0.0,0.0,0.0
2010-09-26,0.0,0.0,0.0,0.0,0.0,0.0,0.0,0.0,0.0,0.0,0.0,0.0,29122.721012620725,0.0,0.0
2010-10-03,0.0,0.0,0.0,0.0,0.0,0.0,0.0,0.0,0.0,0.0,0.0,0.0,0.0,0.0,0.0
2010-10-10,0.0,0.0,0.0,0.0,0.0,0.0,0.0,0.0,0.0,0.0,0.0,0.0,0.0,0.0,0.0
2010-10-17,0.0,0.0,0.0,0.0,0.0,0.0,0.0,0.0,0.0,0.0,0.0,0.0,0.0,0.0,0.0
2010-10-24,0.0,0.0,0.0,0.0,0.0,0.0,0.0,0.0,0.0,0.0,0.0,0.0,0.0,0.0,0.0
2010-10-31,0.0,0.0,0.0,0.0,0.0,0.0,0.0,0.0,0.0,0.0,0.0,0.0,0.0,0.0,0.0
2010-11-07,0.0,0.0,0.0,0.0,0.0,0.0,0.0,0.0,0.0,0.0,0.0,0.0,0.0,0.0,0.0
2010-11-14,0.0,0.0,0.0,0.0,0.0,0.0,0.0,0.0,0.0,0.0,0.0,0.0,0.0,0.0,0.0
2010-11-21,0.0,0.0,0.0,0.0,0.0,0.0,0.0,0.0,0.0,0.0,0.0,0.0,0.0,0.0,0.0
2010-11-28,0.0,0.0,0.0,0.0,0.0,0.0,0.0,0.0,0.0,0.0,0.0,0.0,0.0,0.0,0.0
2010-12-05,0.0,0.0,0.0,0.0,0.0,0.0,0.0,0.0,0.0,0.0,0.0,0.0,0.0,0.0,0.0
2010-12-12,0.0,0.0,0.0,0.0,0.0,0.0,0.0,0.0,0.0,0.0,0.0,0.0,0.0,0.0,0.0
2010-12-19,0.0,0.0,0.0,0.0,0.0,0.0,0.0,0.0,0.0,0.0,0.0,0.0,0.0,0.0,0.0
2010-12-26,0.0,0.0,4499.701450326116,0.0,0.0,0.0,0.0,0.0,0.0,0.0,0.0,0.0,0.0,0.0,0.0
2011-01-02,307.48441784561373,307.7360307136793,766.320192046192,306.50956778660566,0.0,0.0,0.0,0.0,0.0,0.0,0.0,0.0,0.0,0.0,0.0
2011-01-09,431.828549334473,0.0,573.8590618950526,430.43761307753147,0.0,0.0,0.0,0.0,0.0,0.0,0.0,0.0,0.0,0.0,0.0
2011-01-16,567.9029960295796,0.0,706.200024928228,566.5308353626401,0.0,0.0,0.0,0.0,0.0,0.0,0.0,0.0,0.0,0.0,0.0
2011-01-23,839.3924098176634,279.7974699392211,556.3997138427928,837.3642795613839,0.0,0.0,0.0,0.0,0.0,0.0,0.0,0.0,0.0,0.0,0.0
2011-01-30,1083.116981407396,0.0,269.71672492034463,269.71672492034463,0.0,0.0,0.0,0.0,0.0,0.0,0.0,0.0,276.6448118420648,0.0,0.0
2011-02-06,552.0665022420915,0.0,549.9002286142173,0.0,0.0,0.0,0.0,0.0,0.0,0.0,0.0,0.0,0.0,0.0,0.0
2011-02-13,0.0,0.0,278.0503872363275,0.0,0.0,0.0,0.0,0.0,0.0,0.0,0.0,0.0,0.0,0.0,0.0
2011-02-20,0.0,0.0,410.50890402929133,272.2417268336613,0.0,0.0,0.0,0.0,0.0,0.0,0.0,0.0,0.0,0.0,0.0
2011-02-27,273.0365402466694,0.0,681.5715345992495,272.6121517532413,0.0,0.0,0.0,0.0,0.0,0.0,0.0,0.0,272.02944393199056,0.0,0.0
2011-03-06,558.2083970721917,0.0,278.00901152101306,278.00901152101306,0.0,282.91033697970715,0.0,0.0,0.0,0.0,0.0,0.0,555.6825672211863,0.0,0.0
2011-03-13,0.0,0.0,560.3089123175134,0.0,0.0,0.0,0.0,0.0,0.0,0.0,0.0,0.0,0.0,0.0,0.0
2011-03-20,576.7829960348618,0.0,1001.8529753355538,429.30383049207353,0.0,0.0,0.0,0.0,0.0,0.0,0.0,0.0,0.0,0.0,0.0
2011-03-27,0.0,0.0,293.12725382206156,293.12725382206156,0.0,0.0,0.0,0.0,0.0,0.0,0.0,0.0,0.0,0.0,0.0
2011-04-03,602.5683095285889,0.0,0.0,0.0,0.0,0.0,0.0,0.0,0.0,0.0,0.0,0.0,0.0,0.0,0.0
2011-04-10,0.0,0.0,0.0,0.0,0.0,0.0,0.0,0.0,0.0,0.0,0.0,0.0,0.0,0.0,0.0
2011-04-17,280.83541809755786,0.0,1259.7104904560103,559.8901123078882,0.0,0.0,0.0,0.0,0.0,0.0,0.0,0.0,0.0,0.0,0.0
2011-04-24,407.32455343223444,271.50858331446034,271.54577838599187,0.0,0.0,0.0,0.0,0.0,0.0,0.0,0.0,0.0,0.0,0.0,0.0
2011-05-01,397.8610802073616,265.31420381794436,396.699693683068,264.206811974479,0.0,263.72918592089457,0.0,0.0,0.0,0.0,0.0,0.0,0.0,0.0,0.0
2011-05-08,540.1533609589144,0.0,269.13588036393173,0.0,0.0,0.0,0.0,0.0,0.0,0.0,0.0,0.0,0.0,0.0,0.0
2011-05-15,683.8615453276389,0.0,817.9577869086111,408.93773213250057,0.0,0.0,0.0,0.0,0.0,0.0,0.0,0.0,274.18887603002077,0.0,0.0
2011-05-22,540.1428403454377,0.0,1211.5089724556244,269.5419837962403,0.0,268.4028895639318,0.0,0.0,0.0,0.0,0.0,0.0,268.52674475011173,0.0,0.0
2011-05-29,809.6704924077292,539.6073841333339,1345.3762676616207,538.2317495928887,0.0,0.0,0.0,0.0,0.0,0.0,0.0,0.0,0.0,0.0,0.0
2011-06-05,1298.7783880737502,258.4578751861471,1424.0877183947152,906.3016044297843,0.0,0.0,0.0,0.0,0.0,0.0,0.0,0.0,259.8840912351697,0.0,0.0
2011-06-12,503.71724607835927,0.0,1380.5549925992495,753.0093270642628,0.0,250.81045137615382,0.0,0.0,0.0,0.0,0.0,0.0,0.0,0.0,0.0
2011-06-19,372.0661825530641,0.0,1360.2354532285328,618.2752666644087,0.0,0.0,0.0,0.0,0.0,0.0,0.0,0.0,247.1324431255974,0.0,0.0
2011-06-26,0.0,0.0,970.1764269773767,485.0882134886883,0.0,0.0,0.0,0.0,0.0,0.0,0.0,0.0,0.0,0.0,0.0
2011-07-03,494.2121214828439,0.0,862.315152734394,615.9181454456753,0.0,0.0,0.0,0.0,0.0,0.0,0.0,0.0,0.0,0.0,0.0
2011-07-10,246.32523936127737,247.07436285865893,982.1030168407506,368.27936409424234,0.0,0.0,0.0,0.0,0.0,0.0,0.0,0.0,245.3657908966177,0.0,0.0
2011-07-17,477.5802627510257,0.0,712.9760147251728,475.70626836051457,0.0,0.0,0.0,0.0,0.0,0.0,0.0,0.0,0.0,0.0,0.0
2011-07-24,724.6929687225612,241.7434264136511,1083.6107513129773,1203.6459775905785,0.0,0.0,0.0,0.0,0.0,0.0,0.0,0.0,240.64956475567078,0.0,0.0
2011-07-31,922.5779511821626,0.0,1159.5806812156868,1148.697267922252,0.0,0.0,0.0,0.0,0.0,0.0,0.0,0.0,0.0,0.0,0.0
2011-08-07,359.770602517424,0.0,717.36861101099,239.1228703369967,0.0,0.0,0.0,0.0,0.0,0.0,0.0,0.0,0.0,0.0,0.0
2011-08-14,348.49970171211237,0.0,1157.8073763501702,347.37717085723546,0.0,0.0,0.0,0.0,0.0,0.0,0.0,0.0,0.0,0.0,0.0
2011-08-21,231.1274019860748,0.0,921.5089746940979,345.6267336580075,0.0,0.0,0.0,0.0,0.0,0.0,0.0,0.0,0.0,0.0,0.0
2011-08-28,681.8410840831658,227.03259811507928,792.9934700499837,226.55979062372623,0.0,226.15009834195487,0.0,0.0,0.0,0.0,0.0,0.0,0.0,0.0,0.0
2011-09-04,570.2327806832104,0.0,1023.2921510091477,454.8499111299006,0.0,452.72497628054543,0.0,0.0,0.0,0.0,0.0,0.0,0.0,0.0,0.0
2011-09-11,549.704405750046,0.0,766.9773064667711,438.26329327720333,0.0,0.0,0.0,0.0,0.0,0.0,0.0,0.0,0.0,0.0,0.0
2011-09-18,511.48870079620946,407.8192784615813,815.6516247355873,407.79502609072205,0.0,0.0,0.0,0.0,0.0,0.0,0.0,0.0,0.0,0.0,0.0
2011-09-25,164.17877459941175,0.0,645.1597143752226,159.0837094155051,0.0,0.0,0.0,0.0,0.0,0.0,0.0,0.0,0.0,0.0,0.0
2011-10-02,0.0,0.0,438.1248902390824,351.731546311573,0.0,0.0,0.0,0.0,0.0,0.0,0.0,0.0,0.0,0.0,0.0
2011-10-09,226.56362467750714,0.0,0.0,0.0,0.0,0.0,0.0,0.0,0.0,0.0,0.0,0.0,228.4686113610182,0.0,0.0
2011-10-16,352.77774434048223,234.83125098875152,586.0814093844356,234.4750411162953,0.0,0.0,0.0,0.0,0.0,0.0,0.0,0.0,0.0,0.0,0.0
2011-10-23,0.0,0.0,472.36331676221164,470.4258649756113,0.0,0.0,0.0,0.0,0.0,0.0,0.0,0.0,0.0,0.0,0.0
2011-10-30,223.32208045481033,0.0,556.6452444707318,222.6446530628662,0.0,0.0,0.0,0.0,0.0,0.0,0.0,0.0,0.0,0.0,0.0
2011-11-06,708.5543003748039,0.0,235.25799288025485,235.25799288025485,0.0,0.0,0.0,0.0,0.0,0.0,0.0,0.0,0.0,0.0,0.0
2011-11-13,450.24171835813326,0.0,1121.6453595535656,897.4030898857319,0.0,0.0,0.0,0.0,0.0,0.0,0.0,0.0,0.0,0.0,0.0
2011-11-20,442.35376947838097,0.0,881.7023621156394,220.42559052890985,0.0,0.0,0.0,0.0,0.0,0.0,0.0,0.0,0.0,0.0,0.0
2011-11-27,611.7206444329626,0.0,813.287995463395,508.27430241841637,0.0,0.0,0.0,0.0,0.0,0.0,0.0,0.0,0.0,0.0,0.0
2011-12-04,201.99591298355557,0.0,604.5235583672765,403.0157055781842,0.0,0.0,0.0,0.0,0.0,0.0,0.0,0.0,0.0,0.0,0.0
2011-12-11,668.8692543554336,0.0,558.8590191698271,335.3694108032231,0.0,0.0,0.0,0.0,0.0,0.0,0.0,0.0,0.0,0.0,0.0
2011-12-18,226.05356672538502,0.0,450.333093989599,450.333093989599,0.0,0.0,0.0,0.0,0.0,0.0,0.0,0.0,0.0,0.0,0.0
2011-12-25,362.89655641855154,0.0,241.12750043072504,241.78938593031327,0.0,0.0,0.0,0.0,0.0,0.0,0.0,0.0,0.0,0.0,0.0
2012-01-01,477.55246190206196,0.0,590.6191410008119,354.385749901882,0.0,0.0,0.0,0.0,0.0,0.0,0.0,0.0,237.12504234253018,0.0,0.0
2012-01-08,215.2626742552899,0.0,535.5292911538089,321.33050940132836,0.0,0.0,0.0,0.0,0.0,0.0,0.0,0.0,0.0,0.0,0.0
2012-01-15,323.42700380548166,0.0,322.3203472412271,214.90186010326005,0.0,0.0,0.0,0.0,0.0,0.0,0.0,0.0,0.0,0.0,0.0
2012-01-22,215.67173431171426,0.0,0.0,0.0,0.0,0.0,0.0,0.0,0.0,0.0,0.0,0.0,0.0,0.0,0.0
2012-01-29,211.79508710581354,0.0,421.8762336343344,210.59380222765665,0.0,210.9011675340676,0.0,0.0,0.0,0.0,0.0,0.0,210.46674714335643,0.0,0.0
2012-02-05,212.4213766023887,0.0,211.58784871351727,0.0,0.0,0.0,0.0,0.0,0.0,0.0,0.0,0.0,0.0,0.0,0.0
2012-02-12,311.76186711960406,0.0,725.1220790688945,310.75767023364835,0.0,0.0,0.0,0.0,0.0,0.0,0.0,0.0,0.0,0.0,0.0
2012-02-19,209.0068394815103,0.0,417.5858821469306,208.50183956732965,0.0,0.0,0.0,0.0,0.0,0.0,0.0,0.0,0.0,0.0,0.0
2012-02-26,655.4472904029639,0.0,652.0403355302683,435.9090708146561,0.0,0.0,0.0,0.0,0.0,0.0,0.0,0.0,0.0,0.0,0.0
2012-03-04,0.0,0.0,224.56140638981788,0.0,0.0,0.0,0.0,0.0,0.0,0.0,0.0,0.0,223.22218959511255,0.0,0.0
2012-03-11,0.0,0.0,223.47629253415363,0.0,0.0,0.0,0.0,0.0,0.0,0.0,0.0,0.0,0.0,0.0,0.0
2012-03-18,224.27047540561796,0.0,447.4571913408373,447.4571913408373,0.0,223.32390119528375,0.0,0.0,0.0,0.0,0.0,0.0,0.0,0.0,0.0
2012-03-25,454.8515267798767,0.0,340.26545465610974,226.53335924744837,0.0,0.0,0.0,0.0,0.0,0.0,0.0,0.0,0.0,0.0,0.0
2012-04-01,0.0,0.0,466.5931029680879,0.0,0.0,0.0,0.0,0.0,0.0,0.0,0.0,0.0,0.0,0.0,0.0
2012-04-08,0.0,0.0,0.0,0.0,0.0,0.0,0.0,0.0,0.0,0.0,0.0,0.0,0.0,0.0,0.0
2012-04-15,241.16516880498517,0.0,478.199007528862,239.099503764431,0.0,0.0,0.0,0.0,0.0,0.0,0.0,0.0,238.95525067015384,0.0,0.0
2012-04-22,0.0,0.0,335.84585185989,223.91977078207464,0.0,0.0,0.0,0.0,0.0,0.0,0.0,0.0,0.0,0.0,0.0
2012-04-29,0.0,0.0,447.7783804897716,223.02978836342123,0.0,0.0,0.0,0.0,0.0,0.0,0.0,0.0,0.0,0.0,0.0
2012-05-06,0.0,0.0,215.02985339903202,0.0,0.0,0.0,0.0,0.0,0.0,0.0,0.0,0.0,0.0,0.0,0.0
2012-05-13,216.95499769112917,0.0,216.39539984138383,0.0,0.0,0.0,0.0,0.0,0.0,0.0,0.0,0.0,215.45470756879124,0.0,0.0
2012-05-20,329.23923649193415,0.0,1093.952205565511,437.59409660327225,0.0,0.0,0.0,0.0,0.0,0.0,0.0,0.0,0.0,0.0,0.0
2012-05-27,744.4495840878866,209.88580569109416,848.0471028430652,636.0353271322989,0.0,0.0,0.0,0.0,0.0,0.0,0.0,0.0,214.58405027627728,0.0,0.0
2012-06-03,327.62778643278403,0.0,2176.9965320602373,979.7174544435214,0.0,218.06183431564685,0.0,0.0,0.0,0.0,0.0,0.0,215.95682221498703,0.0,0.0
2012-06-10,835.2976684323264,209.804043635556,1040.8117959204255,416.26186741431025,0.0,0.0,0.0,0.0,0.0,0.0,0.0,0.0,0.0,0.0,0.0
2012-06-17,1001.6425787047323,0.0,2193.6200571097247,598.3311685894454,0.0,198.60468033316724,0.0,0.0,0.0,0.0,0.0,0.0,397.6886479793556,0.0,0.0
2012-06-24,289.05307696203766,193.23764988415599,960.2521138813452,384.12404144876075,0.0,0.0,0.0,0.0,0.0,0.0,0.0,0.0,190.78238861514157,0.0,0.0
2012-07-01,384.103662733919,0.0,1339.8540741843779,478.5275678793936,0.0,0.0,0.0,0.0,0.0,0.0,0.0,0.0,0.0,0.0,0.0
2012-07-08,775.733655334943,0.0,1353.442064410337,483.3221294925765,0.0,0.0,0.0,0.0,0.0,0.0,0.0,0.0,191.02959024179395,0.0,0.0
2012-07-15,383.6510277659569,0.0,856.5196982651706,191.36202728948288,0.0,0.0,0.0,0.0,0.0,0.0,0.0,0.0,0.0,0.0,0.0
2012-07-22,575.2369535519827,0.0,1337.9641790242995,573.297798241347,0.0,0.0,0.0,0.0,0.0,0.0,0.0,0.0,382.28102545816176,0.0,0.0
2012-07-29,806.5822737299798,199.97670469597114,1306.5711025183834,1005.0313518222092,0.0,199.13266675031437,0.0,0.0,0.0,0.0,0.0,0.0,0.0,0.0,0.0
2012-08-05,483.787540393757,0.0,969.3965338845474,387.7586135538189,0.0,0.0,0.0,0.0,0.0,0.0,0.0,0.0,0.0,0.0,0.0
2012-08-12,657.1660088673725,188.7197877027593,748.6578251732842,561.5357553349249,0.0,0.0,0.0,0.0,0.0,0.0,0.0,0.0,0.0,0.0,0.0
2012-08-19,461.5294047438078,0.0,1012.1369480740574,276.0424002473421,0.0,0.0,0.0,0.0,0.0,0.0,0.0,0.0,0.0,0.0,0.0
2012-08-26,731.8957699719572,0.0,1002.4514497806383,455.59471818080397,0.0,181.91217507268536,0.0,0.0,0.0,0.0,0.0,0.0,0.0,0.0,0.0
2012-09-02,919.511100796734,0.0,1189.4393594052653,732.1114314271396,0.0,0.0,0.0,0.0,0.0,0.0,0.0,0.0,0.0,0.0,0.0
2012-09-09,547.8628287937751,182.64860438883656,637.3258293786608,364.19404145716385,0.0,0.0,0.0,0.0,0.0,0.0,0.0,0.0,182.57065218848905,0.0,0.0
2012-09-16,360.91400172695216,178.36045105921508,629.624233491127,179.8848791306977,0.0,0.0,0.0,0.0,0.0,0.0,0.0,0.0,0.0,0.0,0.0
2012-09-23,465.04973534556336,0.0,1019.6157897895689,741.518402719085,0.0,0.0,0.0,0.0,0.0,0.0,0.0,0.0,183.95540917443046,0.0,0.0
2012-09-30,550.8697283093696,0.0,549.9038247656345,549.5387232273778,0.0,0.0,0.0,0.0,0.0,0.0,0.0,0.0,0.0,0.0,0.0
2012-10-07,188.15441988805514,0.0,468.9230504530788,187.55789422143556,0.0,186.45426623672833,0.0,0.0,0.0,0.0,0.0,0.0,0.0,0.0,0.0
2012-10-14,192.7496393233467,0.0,672.3978880606544,577.2229976747357,0.0,0.0,0.0,0.0,0.0,0.0,0.0,0.0,0.0,0.0,0.0
2012-10-21,379.96917224984395,189.98458612492198,284.53203890166446,190.17717499972363,0.0,188.8969973522876,0.0,0.0,0.0,0.0,0.0,0.0,0.0,0.0,0.0
2012-10-28,368.9444643740651,0.0,735.4384790789738,366.7167404845215,0.0,0.0,0.0,0.0,0.0,0.0,0.0,0.0,0.0,0.0,0.0
2012-11-04,179.50615489992902,0.0,629.265272674603,358.1448683989523,0.0,0.0,0.0,0.0,0.0,0.0,0.0,0.0,178.26483151968299,0.0,0.0
2012-11-11,269.83331827178193,0.0,1076.0743172379678,179.3457195396613,0.0,0.0,0.0,0.0,0.0,0.0,0.0,0.0,179.30845996116688,0.0,0.0
2012-11-18,370.4791316467358,370.4791316467358,825.6214089619568,554.3759763647698,0.0,0.0,0.0,0.0,0.0,0.0,0.0,0.0,182.0225201684932,0.0,0.0
2012-11-25,282.5180207075442,0.0,656.8775567008736,558.2315910116049,0.0,0.0,0.0,0.0,0.0,0.0,0.0,0.0,0.0,0.0,0.0
2012-12-02,366.72190930421624,0.0,456.97665906871265,181.6343229191765,0.0,0.0,0.0,0.0,0.0,0.0,0.0,0.0,0.0,0.0,0.0
2012-12-09,185.39952423635802,185.39952423635802,553.6446928277444,184.42467396977187,0.0,184.33818318167567,0.0,0.0,0.0,0.0,0.0,0.0,0.0,0.0,0.0
2012-12-16,362.1145913870832,0.0,723.3912972407863,0.0,0.0,0.0,0.0,0.0,0.0,0.0,0.0,0.0,0.0,0.0,0.0
2012-12-23,193.44097237755997,0.0,480.19992219031263,0.0,0.0,192.33359712140643,0.0,0.0,0.0,0.0,0.0,0.0,190.64150109125342,0.0,0.0
2012-12-30,306.9623097782461,0.0,612.1941285932037,204.0236419702848,0.0,0.0,0.0,0.0,0.0,0.0,0.0,0.0,0.0,0.0,0.0
2013-01-06,182.41865129602292,0.0,272.78791724376356,362.88817863515044,0.0,181.11588173967186,0.0,0.0,0.0,0.0,0.0,0.0,180.6257906585964,0.0,0.0
2013-01-13,347.33069431262174,0.0,779.0425441904819,259.69827104635567,0.0,0.0,0.0,0.0,0.0,0.0,0.0,0.0,0.0,0.0,0.0
2013-01-20,179.1287784535475,0.0,535.6286898647494,357.0678221413422,0.0,0.0,0.0,0.0,0.0,0.0,0.0,0.0,0.0,0.0,0.0
2013-01-27,358.97426152535684,0.0,804.867504533979,357.7008879401807,0.0,177.15265538726345,0.0,0.0,0.0,0.0,0.0,0.0,0.0,0.0,0.0
2013-02-03,173.37756410305596,0.0,604.0244884411447,345.39448327201006,0.0,0.0,0.0,0.0,0.0,0.0,0.0,0.0,0.0,0.0,0.0
2013-02-10,335.4126376545118,0.0,1169.906111042957,501.40996071788896,0.0,166.97732657189812,0.0,0.0,0.0,0.0,0.0,0.0,166.89280265090713,0.0,0.0
2013-02-17,510.2651725800754,0.0,1183.3287423964614,507.1627651490851,0.0,0.0,0.0,0.0,0.0,0.0,0.0,0.0,0.0,0.0,0.0
2013-02-24,699.454416584739,0.0,608.8313270111812,696.7098022123872,0.0,0.0,0.0,0.0,0.0,0.0,0.0,0.0,0.0,0.0,0.0
2013-03-03,176.74463940573665,0.0,883.9341070181545,441.94036467734355,0.0,0.0,0.0,0.0,0.0,0.0,0.0,0.0,175.9448899061632,0.0,0.0
2013-03-10,190.1915593844683,0.0,284.93846049061557,189.44525987586638,0.0,0.0,0.0,0.0,0.0,0.0,0.0,0.0,0.0,0.0,0.0
2013-03-17,208.38239070852117,0.0,827.1015267541551,206.7441703101707,0.0,0.0,0.0,0.0,0.0,0.0,0.0,0.0,0.0,0.0,0.0
2013-03-24,205.29229054089586,0.0,0.0,0.0,0.0,0.0,0.0,0.0,0.0,0.0,0.0,0.0,0.0,0.0,0.0
2013-03-31,210.7515600717136,0.0,208.44431615875433,0.0,0.0,0.0,0.0,0.0,0.0,0.0,0.0,0.0,0.0,0.0,0.0
2013-04-07,0.0,0.0,429.8799296174717,0.0,0.0,0.0,0.0,0.0,0.0,0.0,0.0,0.0,0.0,0.0,0.0
2013-04-14,680.204684244192,453.46978949612793,564.3283134033258,451.6904030598316,0.0,225.3095255610176,0.0,0.0,0.0,0.0,0.0,0.0,0.0,0.0,0.0
2013-04-21,304.42416697088225,0.0,707.9943629047806,405.28341992684983,0.0,0.0,0.0,0.0,0.0,0.0,0.0,0.0,403.45562338478646,0.0,0.0
2013-04-28,408.6533751818528,0.0,1018.1631508680342,407.2037770651564,0.0,0.0,0.0,0.0,0.0,0.0,0.0,0.0,201.63098394547268,0.0,0.0
2013-05-05,397.49922345138725,0.0,1486.2637556854247,594.4935358181348,0.0,0.0,0.0,0.0,0.0,0.0,0.0,0.0,0.0,0.0,0.0
2013-05-12,396.38048262882234,197.17535777124857,790.3668927905322,196.69894494667292,0.0,0.0,0.0,0.0,0.0,0.0,0.0,0.0,0.0,0.0,0.0
2013-05-19,412.32896746845114,0.0,1849.4257983255864,1020.4409941107284,0.0,307.60805241034814,0.0,0.0,0.0,0.0,0.0,0.0,206.73489450758865,0.0,0.0
2013-05-26,609.3368898515355,0.0,2632.700389952776,506.3073502335035,0.0,202.14450730143778,0.0,0.0,0.0,0.0,0.0,0.0,201.79219501036724,0.0,0.0
2013-06-02,413.11332805957414,409.7926296515341,2675.8667965078334,617.5650954683136,0.0,0.0,0.0,0.0,0.0,0.0,0.0,0.0,206.71089730595145,0.0,0.0
2013-06-09,929.0955166816507,309.69850556055013,4321.192051572446,1131.5100008226084,0.0,513.4885723279916,0.0,0.0,0.0,0.0,0.0,0.0,204.57855152952988,0.0,0.0
2013-06-16,2046.983649674737,205.0612411269765,4692.709514741662,1530.2005617441914,0.0,407.7746885923607,0.0,0.0,0.0,0.0,0.0,0.0,408.2667244156998,0.0,0.0
2013-06-23,1559.4288995672832,311.86688461599425,5078.288940448854,1243.7635009648584,0.0,620.8506728387738,0.0,0.0,0.0,0.0,0.0,0.0,309.95889699033887,0.0,0.0
2013-06-30,1087.4854135445903,214.1275276099781,5310.982917148386,1300.739705291134,0.0,432.8175100142839,0.0,0.0,0.0,0.0,0.0,0.0,0.0,0.0,0.0
2013-07-07,1206.038626225682,328.9377431356669,5028.549009322386,1202.6943654298439,0.0,436.46868683843445,0.0,0.0,0.0,0.0,0.0,0.0,218.30891705416428,0.0,0.0
2013-07-14,1875.6628559744547,0.0,7147.7274594727105,1649.4295940699756,0.0,548.8818594400843,0.0,0.0,0.0,0.0,0.0,0.0,0.0,0.0,0.0
2013-07-21,341.5874839314903,228.9883731893258,4766.341342077314,680.9059060110447,0.0,683.0325081573743,0.0,0.0,0.0,0.0,0.0,0.0,227.9522267043062,0.0,0.0
2013-07-28,858.8633635170557,214.74023209145057,5886.407802452599,1070.3617246646224,0.0,534.0842306374119,0.0,0.0,0.0,0.0,0.0,0.0,214.26198880488784,0.0,0.0
2013-08-04,774.8293149604381,221.3941739877871,6179.516683988177,1434.6663068494838,0.0,881.2853280417644,0.0,0.0,0.0,0.0,0.0,0.0,441.1743595430793,0.0,0.0
2013-08-11,549.1092254437996,219.19956313503337,4487.979414563066,766.2129800046804,0.0,217.94472984200368,0.0,0.0,0.0,0.0,0.0,0.0,0.0,0.0,0.0
2013-08-18,1503.1555473803826,300.6311094760765,6991.60847914486,1398.4061333596676,0.0,697.8484340211969,0.0,0.0,0.0,0.0,0.0,0.0,0.0,0.0,0.0
2013-08-25,1199.6592832261424,299.8693998129256,4982.4319342357,1195.8558777357548,0.0,696.1712425493888,0.0,0.0,0.0,0.0,0.0,0.0,396.8581729097572,0.0,0.0
2013-09-01,904.2968791593688,401.8387081159514,4307.13986350671,801.3114670337089,0.0,599.8365635460857,0.0,0.0,0.0,0.0,0.0,0.0,395.4097782876613,0.0,0.0
2013-09-08,1003.1139271527957,200.94653656181762,3099.884888678387,1200.0411449251378,0.0,299.46771755602083,0.0,0.0,0.0,0.0,0.0,0.0,0.0,0.0,0.0
2013-09-15,1263.2481106795606,193.8634081409871,3874.400262411065,871.6654827304291,0.0,193.37262489174387,0.0,0.0,0.0,0.0,0.0,0.0,0.0,0.0,0.0
2013-09-22,789.8805061882407,0.0,3149.5644947116334,1082.6126479614243,0.0,194.14586335247722,0.0,0.0,0.0,0.0,0.0,0.0,396.6958425919756,0.0,0.0
2013-09-29,505.6165470142117,0.0,1411.0488160686948,503.93731064317643,0.0,201.712722789433,0.0,0.0,0.0,0.0,0.0,0.0,200.97670114753694,0.0,0.0
2013-10-06,531.662030461561,0.0,1271.6608197253113,631.2917901504076,0.0,0.0,0.0,0.0,0.0,0.0,0.0,0.0,0.0,0.0,0.0
2013-10-13,433.38040937757216,0.0,965.2526593497936,647.5197785750022,0.0,0.0,0.0,0.0,0.0,0.0,0.0,0.0,213.97360313788835,0.0,0.0
2013-10-20,215.6164389680695,0.0,743.8739793807372,425.11668004290567,0.0,0.0,0.0,0.0,0.0,0.0,0.0,0.0,0.0,0.0,0.0
2013-10-27,412.8383913938846,0.0,716.8946796603461,203.76204492180634,0.0,0.0,0.0,0.0,0.0,0.0,0.0,0.0,0.0,0.0,0.0
2013-11-03,407.00353623182485,0.0,1111.4593580154672,608.1097205999195,0.0,0.0,0.0,0.0,0.0,0.0,0.0,0.0,0.0,0.0,0.0
2013-11-10,697.0526501234311,0.0,1091.83294469388,297.7617249340804,0.0,199.500343978328,0.0,0.0,0.0,0.0,0.0,0.0,0.0,0.0,0.0
2013-11-17,201.35137356945066,0.0,299.49440076759356,200.5612836641072,0.0,0.0,0.0,0.0,0.0,0.0,0.0,0.0,395.8326568023181,0.0,0.0
2013-11-24,295.00847381248406,0.0,391.94880728725565,0.0,0.0,0.0,0.0,0.0,0.0,0.0,0.0,0.0,0.0,0.0,0.0
2013-12-01,0.0,0.0,203.24451820437636,0.0,0.0,0.0,0.0,0.0,0.0,0.0,0.0,0.0,0.0,0.0,0.0
2013-12-08,198.3003074758555,0.0,197.3642911581767,197.3642911581767,0.0,0.0,0.0,0.0,0.0,0.0,0.0,0.0,0.0,0.0,0.0
2013-12-15,204.07721118052362,0.0,408.9715088876509,203.2764252628216,0.0,0.0,0.0,0.0,0.0,0.0,0.0,0.0,203.15378488558912,0.0,0.0
2013-12-22,320.98910240585275,214.90089982903658,533.1727780890856,533.1727780890856,0.0,0.0,0.0,0.0,0.0,0.0,0.0,0.0,213.92849756736678,0.0,0.0
2013-12-29,0.0,0.0,0.0,0.0,0.0,0.0,0.0,0.0,0.0,0.0,0.0,0.0,236.72439484320122,0.0,0.0
2014-01-05,300.2443323008718,0.0,498.775311415457,199.6617996602318,0.0,0.0,0.0,0.0,0.0,0.0,0.0,0.0,0.0,0.0,0.0
2014-01-12,192.67597325546885,0.0,381.7274658049458,190.8637329024729,0.0,0.0,0.0,0.0,0.0,0.0,0.0,0.0,0.0,0.0,0.0
2014-01-19,200.07371826875172,200.07371826875172,199.1878895387945,0.0,0.0,198.92837309035278,0.0,0.0,0.0,0.0,0.0,0.0,0.0,0.0,0.0
2014-01-26,380.17576684751975,189.3813747722495,379.11379059200294,377.847587358949,0.0,0.0,0.0,0.0,0.0,0.0,0.0,0.0,0.0,0.0,0.0
2014-02-02,199.35862475147673,0.0,601.7729330810786,198.5763542649783,0.0,0.0,0.0,0.0,0.0,0.0,0.0,0.0,201.7727464128925,0.0,0.0
2014-02-09,389.80812900859644,0.0,291.4981786196765,194.43313955230957,0.0,0.0,0.0,0.0,0.0,0.0,0.0,0.0,290.6214738979913,0.0,0.0
2014-02-16,187.01493224498128,188.02893532527875,652.5052106746692,186.42201921539828,0.0,185.22580736956328,0.0,0.0,0.0,0.0,0.0,0.0,0.0,0.0,0.0
2014-02-23,379.0330734973113,188.9824674980131,377.8884250028057,189.59491621629175,0.0,0.0,0.0,0.0,0.0,0.0,0.0,0.0,0.0,0.0,0.0
2014-03-02,199.46966667574674,199.46966667574674,299.03792249772374,299.03792249772374,0.0,0.0,0.0,0.0,0.0,0.0,0.0,0.0,198.5670889984809,0.0,0.0
2014-03-09,0.0,0.0,585.0033004039017,195.0011001346339,0.0,0.0,0.0,0.0,0.0,0.0,0.0,0.0,194.74618398233056,0.0,0.0
2014-03-16,0.0,0.0,584.493025405347,0.0,0.0,0.0,0.0,0.0,0.0,0.0,0.0,0.0,0.0,0.0,0.0
2014-03-23,204.64403057922738,0.0,1020.747860167907,204.1495720335814,0.0,0.0,0.0,0.0,0.0,0.0,0.0,0.0,203.81372069769637,0.0,0.0
2014-03-30,0.0,0.0,205.2590696102497,205.2590696102497,0.0,0.0,0.0,0.0,0.0,0.0,0.0,0.0,408.66673450363015,0.0,0.0
2014-04-06,0.0,0.0,549.3842285733854,0.0,0.0,0.0,0.0,0.0,0.0,0.0,0.0,0.0,0.0,0.0,0.0
2014-04-13,0.0,0.0,480.05617025788115,240.02808512894057,0.0,0.0,0.0,0.0,0.0,0.0,0.0,0.0,0.0,0.0,0.0
2014-04-20,0.0,0.0,489.83734910156886,195.94677217517915,0.0,0.0,0.0,0.0,0.0,0.0,0.0,0.0,0.0,0.0,0.0
2014-04-27,203.11900688760304,0.0,403.06399514960134,200.44690816192863,0.0,200.08454556808368,0.0,0.0,0.0,0.0,0.0,0.0,0.0,0.0,0.0
2014-05-04,207.51368251034336,0.0,206.85578014554204,0.0,0.0,0.0,0.0,0.0,0.0,0.0,0.0,0.0,0.0,0.0,0.0
2014-05-11,205.36703060826906,0.0,202.69152820207225,204.87082515829442,0.0,0.0,0.0,0.0,0.0,0.0,0.0,0.0,200.43583272271027,0.0,0.0
2014-05-18,314.0224653163684,210.57776924635445,626.0855837213802,208.71620063263325,0.0,209.68898758538094,0.0,0.0,0.0,0.0,0.0,0.0,0.0,0.0,0.0
2014-05-25,0.0,0.0,890.7020142236488,222.6923130602193,0.0,0.0,0.0,0.0,0.0,0.0,0.0,0.0,0.0,0.0,0.0
2014-06-01,450.5350297738635,0.0,673.6599770628783,225.24711354274467,0.0,0.0,0.0,0.0,0.0,0.0,0.0,0.0,0.0,0.0,0.0
2014-06-08,666.4420656089968,0.0,663.9943338783612,332.03058722979245,0.0,0.0,0.0,0.0,0.0,0.0,0.0,0.0,0.0,0.0,0.0
2014-06-15,646.4177866957623,0.0,1073.8175973431487,213.1011275211004,0.0,216.11208940761986,0.0,0.0,0.0,0.0,0.0,0.0,0.0,0.0,0.0
2014-06-22,437.4202416192898,218.7101208096449,655.1852422077208,218.98480594314702,0.0,217.45808938590793,0.0,0.0,0.0,0.0,0.0,0.0,0.0,0.0,0.0
2014-06-29,218.47812212945865,0.0,1524.4982063724246,326.6453088403649,0.0,0.0,0.0,0.0,0.0,0.0,0.0,0.0,0.0,0.0,0.0
2014-07-06,407.7356173993257,0.0,914.4659139682695,304.8015182767389,0.0,0.0,0.0,0.0,0.0,0.0,0.0,0.0,0.0,0.0,0.0
2014-07-13,511.57199066580586,0.0,1193.0361339440237,850.559893873531,0.0,170.41874572500515,0.0,0.0,0.0,0.0,0.0,0.0,0.0,0.0,0.0
2014-07-20,254.9927054082545,0.0,1101.6576172062637,338.9125298444892,0.0,169.44661621611928,0.0,0.0,0.0,0.0,0.0,0.0,0.0,0.0,0.0
2014-07-27,252.75916489838906,0.0,2015.4587268316848,671.8871868998095,0.0,167.64274181692832,0.0,0.0,0.0,0.0,0.0,0.0,0.0,0.0,0.0
2014-08-03,172.00327741490847,0.0,1114.4508387927408,688.5538424237463,0.0,0.0,0.0,0.0,0.0,0.0,0.0,0.0,0.0,0.0,0.0
2014-08-10,397.18780525057,158.83182401099285,633.3130513665424,158.3282628416356,0.0,0.0,0.0,0.0,0.0,0.0,0.0,0.0,314.69073636920524,0.0,0.0
2014-08-17,311.53573145596846,0.0,1087.0587765815865,621.2367209420194,0.0,0.0,0.0,0.0,0.0,0.0,0.0,0.0,155.7294557865229,0.0,0.0
2014-08-24,311.5666743607954,0.0,1630.1453672450016,543.4130399214298,0.0,154.97342293472585,0.0,0.0,0.0,0.0,0.0,0.0,0.0,0.0,0.0
2014-08-31,624.4717196965267,155.7874278942287,1322.5653045902607,466.8098613569688,0.0,310.25979760906694,0.0,0.0,0.0,0.0,0.0,0.0,0.0,0.0,0.0
2014-09-07,474.67413778214046,158.22471259404682,865.9714191787957,314.87276962483014,0.0,0.0,0.0,0.0,0.0,0.0,0.0,0.0,0.0,0.0,0.0
2014-09-14,447.81779818000643,0.0,744.9251561814914,595.6477146435361,0.0,0.0,0.0,0.0,0.0,0.0,0.0,0.0,0.0,0.0,0.0
2014-09-21,0.0,0.0,465.95952316302913,0.0,0.0,0.0,0.0,0.0,0.0,0.0,0.0,0.0,155.52173911631925,0.0,0.0
2014-09-28,233.46408836039313,0.0,930.7546914567806,310.204726324389,0.0,0.0,0.0,0.0,0.0,0.0,0.0,0.0,311.12154893677064,0.0,0.0
2014-10-05,325.3150134362547,161.92230242965684,567.7477226560904,326.1595110197969,0.0,0.0,0.0,0.0,0.0,0.0,0.0,0.0,0.0,0.0,0.0
2014-10-12,250.13891689894479,0.0,581.6938517544395,249.28302709659476,0.0,0.0,0.0,0.0,0.0,0.0,0.0,0.0,0.0,0.0,0.0
2014-10-19,426.7208320203779,344.9274628689884,765.5156975517734,858.9349739417913,0.0,171.47644282429377,0.0,0.0,0.0,0.0,0.0,0.0,167.749052680025,0.0,0.0
2014-10-26,194.7014075675599,0.0,1167.0540406766413,389.0180135588805,0.0,194.73075338241262,0.0,0.0,0.0,0.0,0.0,0.0,0.0,0.0,0.0
2014-11-02,209.67399114691068,0.0,520.2487561786759,208.08693683518803,0.0,0.0,0.0,0.0,0.0,0.0,0.0,0.0,0.0,0.0,0.0
2014-11-09,737.7487249463178,184.43718123657945,550.5125703515043,551.9746387415481,0.0,183.65873066759778,0.0,0.0,0.0,0.0,0.0,0.0,0.0,0.0,0.0
2014-11-16,568.1183386444613,0.0,728.0015477400033,566.207142364067,0.0,0.0,0.0,0.0,0.0,0.0,0.0,0.0,0.0,0.0,0.0
2014-11-23,327.47051351619183,0.0,408.0650144248813,244.84886470261733,0.0,0.0,0.0,0.0,0.0,0.0,0.0,0.0,0.0,0.0,0.0
2014-11-30,741.0572951264085,0.0,1108.9815332978442,739.3024219917046,0.0,0.0,0.0,0.0,0.0,0.0,0.0,0.0,0.0,0.0,0.0
2014-12-07,401.5470718143091,201.94495692245036,800.3667266238601,804.6101513360534,0.0,200.78889962159877,0.0,0.0,0.0,0.0,0.0,0.0,201.03117883682845,0.0,0.0
2014-12-14,202.85543847197738,202.85543847197738,405.5118152097035,0.0,0.0,201.69416901401792,0.0,0.0,0.0,0.0,0.0,0.0,201.93754056033947,0.0,0.0
2014-12-21,217.98094241845786,0.0,655.1371332843664,218.3790444281221,0.0,0.0,0.0,0.0,0.0,0.0,0.0,0.0,0.0,0.0,0.0
2014-12-28,0.0,0.0,451.1125109439308,0.0,0.0,0.0,0.0,0.0,0.0,0.0,0.0,0.0,0.0,0.0,0.0
2015-01-04,0.0,0.0,802.1943069687907,401.09715348439533,0.0,0.0,0.0,0.0,0.0,0.0,0.0,0.0,0.0,0.0,0.0
2015-01-11,202.36369552065977,0.0,906.0988410234148,604.7088999862759,0.0,0.0,0.0,0.0,0.0,0.0,0.0,0.0,400.3883450716397,0.0,0.0
2015-01-18,200.94782940532838,0.0,199.25089555839185,199.25089555839185,0.0,0.0,0.0,0.0,0.0,0.0,0.0,0.0,199.55823226873113,0.0,0.0
2015-01-25,288.59634284669687,191.57833066407886,671.0101539263813,383.459187148231,0.0,0.0,0.0,0.0,0.0,0.0,0.0,0.0,190.2535256113808,0.0,0.0
2015-02-01,189.64363939287276,189.64363939287276,758.4625737325928,188.8994898872563,0.0,0.0,0.0,0.0,0.0,0.0,0.0,0.0,283.8956292381404,0.0,0.0
2015-02-08,187.72135134981593,0.0,374.3088968276193,377.530002064356,0.0,188.42355092479391,0.0,0.0,0.0,0.0,0.0,0.0,187.91368563365646,0.0,0.0
2015-02-15,278.84863330114354,185.9272468633193,278.0346530926123,186.3797005684171,0.0,0.0,0.0,0.0,0.0,0.0,0.0,0.0,0.0,0.0,0.0
2015-02-22,0.0,0.0,459.87479840049684,369.6961368393865,0.0,0.0,0.0,0.0,0.0,0.0,0.0,0.0,0.0,0.0,0.0
2015-03-01,174.16888937737835,0.0,527.1176897125581,0.0,0.0,0.0,0.0,0.0,0.0,0.0,0.0,0.0,0.0,0.0,0.0
2015-03-08,0.0,0.0,343.43249581954285,0.0,0.0,0.0,0.0,0.0,0.0,0.0,0.0,0.0,343.22529672704235,0.0,0.0
2015-03-15,0.0,0.0,332.3593634294084,165.9339544181152,0.0,166.1756893979044,0.0,0.0,0.0,0.0,0.0,0.0,166.37620305026985,0.0,0.0
2015-03-22,179.612911206769,0.0,357.8886053184072,0.0,0.0,0.0,0.0,0.0,0.0,0.0,0.0,0.0,178.8363422956083,0.0,0.0
2015-03-29,0.0,0.0,437.2823001723753,351.75721848493146,0.0,0.0,0.0,0.0,0.0,0.0,0.0,0.0,175.7724984676588,0.0,0.0
2015-04-05,182.0848699964383,0.0,363.4565111317558,181.7282555658779,0.0,0.0,0.0,0.0,0.0,0.0,0.0,0.0,271.71508951186223,0.0,0.0
2015-04-12,199.23607916281017,0.0,198.7546872469834,198.7546872469834,0.0,0.0,0.0,0.0,0.0,0.0,0.0,0.0,197.80024001369583,0.0,0.0
2015-04-19,0.0,0.0,346.0228724176145,0.0,0.0,0.0,0.0,0.0,0.0,0.0,0.0,0.0,0.0,0.0,0.0
2015-04-26,342.3939083909238,0.0,682.7494683184183,170.7131389906841,0.0,170.47438640567097,0.0,0.0,0.0,0.0,0.0,0.0,0.0,0.0,0.0
2015-05-03,176.873395115189,0.0,528.8846700980928,175.7012141661652,0.0,0.0,0.0,0.0,0.0,0.0,0.0,0.0,176.1300215567977,0.0,0.0
2015-05-10,176.27437805867422,0.0,1225.0342451185859,525.0826219532491,0.0,0.0,0.0,0.0,0.0,0.0,0.0,0.0,0.0,0.0,0.0
2015-05-17,452.47941905066335,0.0,1082.7150347197994,360.92317122968063,0.0,0.0,0.0,0.0,0.0,0.0,0.0,0.0,178.8419255060337,0.0,0.0
2015-05-24,182.65393732186556,182.65393732186556,726.4037648975809,0.0,0.0,0.0,0.0,0.0,0.0,0.0,0.0,0.0,180.85658215395128,0.0,0.0
2015-05-31,361.55409304050886,0.0,1547.263550055675,182.02777294323403,0.0,183.41604395483844,0.0,0.0,0.0,0.0,0.0,0.0,0.0,0.0,0.0
2015-06-07,183.6607695029442,0.0,1098.4709431611127,274.59009712926866,0.0,0.0,0.0,0.0,0.0,0.0,0.0,0.0,182.1294547453436,0.0,0.0
2015-06-14,344.84478063674834,0.0,1288.853115844818,515.4063503734645,0.0,170.8312940428129,0.0,0.0,0.0,0.0,0.0,0.0,0.0,0.0,0.0
2015-06-21,473.5116297854766,0.0,1888.1561915477835,377.64264056319684,0.0,0.0,0.0,0.0,0.0,0.0,0.0,0.0,376.67692910025244,0.0,0.0
2015-06-28,592.7736209619222,197.62113597958054,2166.702650724291,196.99459699129378,0.0,194.7160977130042,0.0,0.0,0.0,0.0,0.0,0.0,0.0,0.0,0.0
2015-07-05,406.02491489934397,203.13776894656849,2124.2373546797603,606.9075048166969,0.0,0.0,0.0,0.0,0.0,0.0,0.0,0.0,0.0,0.0,0.0
2015-07-12,513.2951544966616,0.0,2046.2998747756048,204.6485244815896,0.0,0.0,0.0,0.0,0.0,0.0,0.0,0.0,204.71371510739115,0.0,0.0
2015-07-19,433.6109379472298,0.0,1519.2482514669805,542.5371689142178,0.0,0.0,0.0,0.0,0.0,0.0,0.0,0.0,0.0,0.0,0.0
2015-07-26,444.9267792819234,222.22013193141908,998.1046688758909,443.3664124249334,0.0,0.0,0.0,0.0,0.0,0.0,0.0,0.0,220.6834322818633,0.0,0.0
2015-08-02,551.5946589864077,220.57773336284217,1319.3368644245747,219.87841266915876,0.0,218.46424418955354,0.0,0.0,0.0,0.0,0.0,0.0,217.87309019144593,0.0,0.0
2015-08-09,437.49040294844445,0.0,980.8451976775883,651.0920611264154,0.0,0.0,0.0,0.0,0.0,0.0,0.0,0.0,0.0,0.0,0.0
2015-08-16,416.81889289669454,0.0,1350.0285286782362,822.7873098148259,0.0,209.36502827717868,0.0,0.0,0.0,0.0,0.0,0.0,0.0,0.0,0.0
2015-08-23,851.3911903866701,210.331852263321,2969.49094974713,954.4014620752492,0.0,209.44410853956865,0.0,0.0,0.0,0.0,0.0,0.0,0.0,0.0,0.0
2015-08-30,1911.6327855698985,424.8072856821996,2215.750180655944,1269.4211072302376,0.0,420.2841151666375,0.0,0.0,0.0,0.0,0.0,0.0,0.0,0.0,0.0
2015-09-06,531.3758385467039,0.0,2437.147761624017,423.93246742964334,0.0,0.0,0.0,0.0,0.0,0.0,0.0,0.0,209.68012856272347,0.0,0.0
2015-09-13,627.8149920076745,420.4293460651626,1877.821067763832,625.919357553136,0.0,209.3274238850214,0.0,0.0,0.0,0.0,0.0,0.0,415.86779787318324,0.0,0.0
2015-09-20,424.43008912939337,211.15302620396858,2432.767660986188,740.4936366001122,0.0,209.94425624377715,0.0,0.0,0.0,0.0,0.0,0.0,210.19758264648453,0.0,0.0
2015-09-27,326.34272584941834,0.0,1843.7244604370912,435.6650170162408,0.0,215.594168901318,0.0,0.0,0.0,0.0,0.0,0.0,216.85010092314693,0.0,0.0
2015-10-04,217.92018891439469,0.0,1194.7939096948348,325.81114629095003,0.0,0.0,0.0,0.0,0.0,0.0,0.0,0.0,214.79758363953587,0.0,0.0
2015-10-11,442.7216436627556,0.0,983.2430362756886,440.98443226293193,0.0,0.0,0.0,0.0,0.0,0.0,0.0,0.0,0.0,0.0,0.0
2015-10-18,0.0,0.0,779.4080326148126,0.0,0.0,222.7627511063185,0.0,0.0,0.0,0.0,0.0,0.0,0.0,0.0,0.0
2015-10-25,445.65377875205894,0.0,999.5084380886578,333.1471242463453,0.0,0.0,0.0,0.0,0.0,0.0,0.0,0.0,221.63261134427836,0.0,0.0
2015-11-01,456.26232545683956,0.0,796.0741439605246,227.45956647519796,0.0,0.0,0.0,0.0,0.0,0.0,0.0,0.0,0.0,0.0,0.0
2015-11-08,1382.269700287289,230.360839731379,5625.981980894999,918.4526776419358,0.0,458.49959740290353,0.0,0.0,0.0,0.0,0.0,0.0,458.0865785162259,0.0,0.0
2015-11-15,1351.221368013993,450.4753455011814,7297.185767634002,1122.6856817501146,0.0,336.2101249939831,0.0,0.0,0.0,0.0,0.0,0.0,225.25086449733865,0.0,0.0
2015-11-22,803.7072848106678,0.0,5838.25755845006,572.471716192217,0.0,571.3674409851996,0.0,0.0,0.0,0.0,0.0,0.0,0.0,0.0,0.0
2015-11-29,909.0568165788729,0.0,2833.211009091655,453.39862398956996,0.0,0.0,0.0,0.0,0.0,0.0,0.0,0.0,226.23585932958375,0.0,0.0
2015-12-06,350.5689904968203,467.3607729575457,1630.6955967757967,233.10955152169544,0.0,232.34265603493535,0.0,0.0,0.0,0.0,0.0,0.0,0.0,0.0,0.0
2015-12-13,0.0,0.0,1078.8378450084258,242.2569303775535,0.0,241.81872067533303,0.0,0.0,0.0,0.0,0.0,0.0,0.0,0.0,0.0
2015-12-20,255.26969946975498,0.0,1266.2266042501021,252.23140837482342,0.0,0.0,0.0,0.0,0.0,0.0,0.0,0.0,379.10577768188375,0.0,0.0
2015-12-27,0.0,0.0,1642.9349184003138,0.0,0.0,275.6225249853464,0.0,0.0,0.0,0.0,0.0,0.0,0.0,0.0,0.0
2016-01-03,240.75224381603394,0.0,1439.7888496808105,478.85797629200846,0.0,0.0,0.0,0.0,0.0,0.0,0.0,0.0,239.37525963265645,0.0,0.0
2016-01-10,347.2982038016242,231.61126249225904,1269.6862864879768,230.614723746741,0.0,230.6337051588579,0.0,0.0,0.0,0.0,0.0,0.0,460.9511793501979,0.0,0.0
2016-01-17,0.0,0.0,1856.3413535397888,440.5707925598896,0.0,216.1653032332893,0.0,0.0,0.0,0.0,0.0,0.0,215.58037006158168,0.0,0.0
2016-01-24,459.4715220003083,229.73576100015416,1030.8802854959622,458.25355731276204,0.0,0.0,0.0,0.0,0.0,0.0,0.0,0.0,228.50635667899832,0.0,0.0
2016-01-31,221.9437342567767,0.0,1219.9803829930315,332.7462757884817,0.0,222.14611638897463,0.0,0.0,0.0,0.0,0.0,0.0,220.93946396602203,0.0,0.0
2016-02-07,454.758382352968,227.43085652326346,1020.1599134345158,226.70980865535722,0.0,226.29984509319002,0.0,0.0,0.0,0.0,0.0,0.0,0.0,0.0,0.0
2016-02-14,325.70353893315155,0.0,1623.6332039122296,324.7527857183999,0.0,216.76493869570578,0.0,0.0,0.0,0.0,0.0,0.0,0.0,0.0,0.0
2016-02-21,219.60740410654913,0.0,2171.073632730174,759.8856039197047,0.0,0.0,0.0,0.0,0.0,0.0,0.0,0.0,0.0,0.0,0.0
2016-02-28,211.56043833170253,0.0,1368.3717204699446,315.73897491392574,0.0,0.0,0.0,0.0,0.0,0.0,0.0,0.0,0.0,0.0,0.0
2016-03-06,433.7614488529978,215.38137852893894,1189.0948239622603,324.3223249722224,0.0,0.0,0.0,0.0,0.0,0.0,0.0,0.0,323.2818195536706,0.0,0.0
2016-03-13,215.0306100092668,0.0,964.1181945619062,428.3736873109451,0.0,320.8130519904297,0.0,0.0,0.0,0.0,0.0,0.0,0.0,0.0,0.0
2016-03-20,431.56075108823666,216.02821437313978,1183.4606617306158,430.35523692759176,0.0,214.75608786858308,0.0,0.0,0.0,0.0,0.0,0.0,0.0,0.0,0.0
2016-03-27,217.21094133221393,217.21094133221393,654.0720157498249,219.6696528276829,0.0,0.0,0.0,0.0,0.0,0.0,0.0,0.0,0.0,0.0,0.0
2016-04-03,231.1971414465617,0.0,802.5776433488357,460.57987731581863,0.0,0.0,0.0,0.0,0.0,0.0,0.0,0.0,0.0,0.0,0.0
2016-04-10,0.0,0.0,675.4529114841071,271.1027430634266,0.0,0.0,0.0,0.0,0.0,0.0,0.0,0.0,0.0,0.0,0.0
2016-04-17,667.4273642868013,222.4757880956004,775.249906103902,443.20561467882965,0.0,0.0,0.0,0.0,0.0,0.0,0.0,0.0,0.0,0.0,0.0
2016-04-24,0.0,0.0,453.080642490253,0.0,0.0,0.0,0.0,0.0,0.0,0.0,0.0,0.0,0.0,0.0,0.0
2016-05-01,227.3109672877494,0.0,567.828628932655,0.0,0.0,0.0,0.0,0.0,0.0,0.0,0.0,0.0,0.0,0.0,0.0
2016-05-08,0.0,0.0,225.91366874643174,0.0,0.0,0.0,0.0,0.0,0.0,0.0,0.0,0.0,0.0,0.0,0.0
2016-05-15,238.0537596842319,0.0,356.20050516550566,237.44310619063194,0.0,0.0,0.0,0.0,0.0,0.0,0.0,0.0,236.69493630207347,0.0,0.0
2016-05-22,480.4295868805229,0.0,715.7906670659258,238.59688902197536,0.0,238.839656026774,0.0,0.0,0.0,0.0,0.0,0.0,239.12784867356342,0.0,0.0
2016-05-29,700.8243499454005,230.97262322795825,1048.009144991899,349.26607143317943,0.0,234.94923317147976,0.0,0.0,0.0,0.0,0.0,0.0,0.0,0.0,0.0
2016-06-05,233.21329203986878,0.0,1042.703526452755,0.0,0.0,230.69539891469614,0.0,0.0,0.0,0.0,0.0,0.0,232.1580282749825,0.0,0.0
2016-06-12,343.08097584311696,228.95704076333342,3191.7291706380324,227.96098967379376,0.0,683.9720581621558,0.0,0.0,0.0,0.0,0.0,0.0,0.0,0.0,0.0
2016-06-19,1049.0818901876994,349.6939633958997,2788.8942053233504,813.3134393345654,0.0,232.0498948199784,0.0,0.0,0.0,0.0,0.0,0.0,0.0,0.0,0.0
2016-06-26,571.5231325107629,342.93465083600563,3076.1952092214915,683.5912909997146,0.0,684.3379611325055,0.0,0.0,0.0,0.0,0.0,0.0,0.0,0.0,0.0
2016-07-03,706.0465121153312,235.34883737177705,3305.3054622651894,590.2814907215669,0.0,589.1429812408805,0.0,0.0,0.0,0.0,0.0,0.0,0.0,0.0,0.0
2016-07-10,356.4899178582951,239.75780086136263,1777.318024963223,717.5355024872372,0.0,238.74585958549312,0.0,0.0,0.0,0.0,0.0,0.0,0.0,0.0,0.0
2016-07-17,0.0,0.0,2459.1534182178507,0.0,0.0,613.6766883585532,0.0,0.0,0.0,0.0,0.0,0.0,0.0,0.0,0.0
2016-07-24,363.498288238572,487.40289791770294,2778.2962205736844,0.0,0.0,239.67210090751323,0.0,0.0,0.0,0.0,0.0,0.0,0.0,0.0,0.0
2016-07-31,720.0577157305412,240.01923857684702,1903.3272057931306,239.0774184435844,0.0,237.51256525147855,0.0,0.0,0.0,0.0,0.0,0.0,237.33437194849995,0.0,0.0
2016-08-07,490.89103657875995,0.0,3296.636068780315,489.70495131973547,0.0,243.7291516107231,0.0,0.0,0.0,0.0,0.0,0.0,243.54629432689183,0.0,0.0
2016-08-14,241.88342271928562,0.0,2268.3939557788062,358.18643813977206,0.0,0.0,0.0,0.0,0.0,0.0,0.0,0.0,235.57226286635998,0.0,0.0
2016-08-21,467.9298957878134,470.71345989115366,3381.144123876352,816.1309538699803,0.0,581.9064964302565,0.0,0.0,0.0,0.0,0.0,0.0,234.29176736663757,0.0,0.0
2016-08-28,339.5212036382717,0.0,2595.10230020583,451.2599286974259,0.0,224.1342579402717,0.0,0.0,0.0,0.0,0.0,0.0,0.0,0.0,0.0
2016-09-04,687.4599013216323,229.15330044054403,2186.4772175329153,575.4692115691021,0.0,344.60171366456154,0.0,0.0,0.0,0.0,0.0,0.0,227.56865645072668,0.0,0.0
2016-09-11,551.8387752528974,0.0,1979.8755522255167,887.1076233016081,0.0,221.3759834286101,0.0,0.0,0.0,0.0,0.0,0.0,0.0,0.0,0.0
2016-09-18,335.9396413458047,0.0,1339.8360327018947,222.64467073167376,0.0,223.52165364182696,0.0,0.0,0.0,0.0,0.0,0.0,0.0,0.0,0.0
2016-09-25,683.1771362657895,227.72571208859645,1827.017091699174,908.7019354015514,0.0,0.0,0.0,0.0,0.0,0.0,0.0,0.0,0.0,0.0,0.0
2016-10-02,234.4783737693222,0.0,817.5995569004596,467.11659127000496,0.0,233.23893358663247,0.0,0.0,0.0,0.0,0.0,0.0,0.0,0.0,0.0
2016-10-09,441.9027441909545,0.0,1207.1874212267332,548.7396284394898,0.0,328.6615694237678,0.0,0.0,0.0,0.0,0.0,0.0,0.0,0.0,0.0
2016-10-16,214.3337106962161,214.3337106962161,646.0573099039883,215.33076485881148,0.0,216.4761960119535,0.0,0.0,0.0,0.0,0.0,0.0,216.73740409160592,0.0,0.0
2016-10-23,0.0,0.0,222.24803452481484,222.24803452481484,0.0,0.0,0.0,0.0,0.0,0.0,0.0,0.0,0.0,0.0,0.0
2016-10-30,0.0,0.0,229.47203129036188,229.47203129036188,0.0,0.0,0.0,0.0,0.0,0.0,0.0,0.0,0.0,0.0,0.0
2016-11-06,225.1547093137075,224.01465778218153,673.4581651921918,446.946792301145,0.0,0.0,0.0,0.0,0.0,0.0,0.0,0.0,0.0,0.0,0.0
2016-11-13,224.8966256888309,0.0,673.7440188337506,448.02829144167947,0.0,0.0,0.0,0.0,0.0,0.0,0.0,0.0,0.0,0.0,0.0
2016-11-20,226.20115030800767,226.380841952118,789.0238015773263,450.27002204551906,0.0,0.0,0.0,0.0,0.0,0.0,0.0,0.0,224.99918296181062,0.0,0.0
2016-11-27,220.628637445996,220.628637445996,220.48159238590793,219.76290479075968,0.0,0.0,0.0,0.0,0.0,0.0,0.0,0.0,439.2606356390871,0.0,0.0
2016-12-04,219.86787344753074,0.0,662.5205965682584,331.1936261902811,0.0,0.0,0.0,0.0,0.0,0.0,0.0,0.0,220.25329693463078,0.0,0.0
2016-12-11,440.1710305131693,220.08551525658464,437.4256077286696,328.10222403380055,0.0,219.15660442945406,0.0,0.0,0.0,0.0,0.0,0.0,218.15350933798177,0.0,0.0
2016-12-18,0.0,0.0,704.7808925174825,0.0,0.0,0.0,0.0,0.0,0.0,0.0,0.0,0.0,0.0,0.0,0.0
2016-12-25,0.0,0.0,353.8726448967882,0.0,0.0,0.0,0.0,0.0,0.0,0.0,0.0,0.0,0.0,0.0,0.0
2017-01-01,232.3118020489786,0.0,232.63541774705968,0.0,0.0,0.0,0.0,0.0,0.0,0.0,0.0,0.0,0.0,0.0,0.0
2017-01-08,327.06759326102446,0.0,217.32085863047953,217.67861823277843,0.0,0.0,0.0,0.0,0.0,0.0,0.0,0.0,0.0,0.0,0.0
2017-01-15,0.0,0.0,730.5810629785902,313.1151745262195,0.0,0.0,0.0,0.0,0.0,0.0,0.0,0.0,0.0,0.0,0.0
2017-01-22,215.61633836341167,0.0,642.7830379859281,214.77027364903668,0.0,0.0,0.0,0.0,0.0,0.0,0.0,0.0,212.7477409084957,0.0,0.0
2017-01-29,422.2088045296804,0.0,636.7160436714362,420.55208419799135,0.0,0.0,0.0,0.0,0.0,0.0,0.0,0.0,213.27089162433722,0.0,0.0
2017-02-05,214.5846222934692,0.0,641.7774911950721,212.7941324076388,0.0,0.0,0.0,0.0,0.0,0.0,0.0,0.0,213.35730400886817,0.0,0.0
2017-02-12,200.91260140864523,0.0,501.3436727297263,200.1242332171836,0.0,199.76245394652886,0.0,0.0,0.0,0.0,0.0,0.0,0.0,0.0,0.0
2017-02-19,304.1953694573437,201.85318034535476,604.096395059535,201.365465019845,0.0,0.0,0.0,0.0,0.0,0.0,0.0,0.0,0.0,0.0,0.0
2017-02-26,197.91524339366774,0.0,586.0022853138398,0.0,0.0,0.0,0.0,0.0,0.0,0.0,0.0,0.0,194.85419577103698,0.0,0.0
2017-03-05,202.55277587168524,0.0,504.8679489909788,405.59127891354757,0.0,0.0,0.0,0.0,0.0,0.0,0.0,0.0,200.91144072607298,0.0,0.0
2017-03-12,200.94489926396912,0.0,1106.2315043862202,301.73814770623557,0.0,200.7747991989206,0.0,0.0,0.0,0.0,0.0,0.0,0.0,0.0,0.0
2017-03-19,214.20322342275446,214.20322342275446,642.2629204885578,214.10918899427313,0.0,212.9769922552244,0.0,0.0,0.0,0.0,0.0,0.0,0.0,0.0,0.0
2017-03-26,211.3223015150466,211.3223015150466,631.976650448101,421.6234140164295,0.0,210.43037742062072,0.0,0.0,0.0,0.0,0.0,0.0,0.0,0.0,0.0
2017-04-02,315.30894418342996,209.16686280920666,419.07884843052045,210.36152568543488,0.0,0.0,0.0,0.0,0.0,0.0,0.0,0.0,207.7204293021075,0.0,0.0
2017-04-09,0.0,0.0,246.59142237115375,0.0,0.0,0.0,0.0,0.0,0.0,0.0,0.0,0.0,0.0,0.0,0.0
2017-04-16,203.97074610120367,0.0,714.6188810233323,306.2212026295797,0.0,0.0,0.0,0.0,0.0,0.0,0.0,0.0,0.0,0.0,0.0
2017-04-23,204.63555781481782,0.0,608.7022206621361,201.6342537303292,0.0,0.0,0.0,0.0,0.0,0.0,0.0,0.0,0.0,0.0,0.0
2017-04-30,404.6510539762084,0.0,304.2116540365186,201.8366703840858,0.0,0.0,0.0,0.0,0.0,0.0,0.0,0.0,0.0,0.0,0.0
2017-05-07,0.0,0.0,526.6126153742339,210.68321339849766,0.0,0.0,0.0,0.0,0.0,0.0,0.0,0.0,0.0,0.0,0.0
2017-05-14,228.7436165436048,0.0,687.0944721881881,229.03149072939604,0.0,0.0,0.0,0.0,0.0,0.0,0.0,0.0,0.0,0.0,0.0
2017-05-21,352.60814694289155,0.0,936.9531464064457,471.30800165954724,0.0,235.22799178940653,0.0,0.0,0.0,0.0,0.0,0.0,0.0,0.0,0.0
2017-05-28,460.9002951626135,230.35585039067672,2412.297796218562,574.3334982270533,0.0,229.30412124626585,0.0,0.0,0.0,0.0,0.0,0.0,0.0,0.0,0.0
2017-06-04,578.4108580901013,0.0,2075.3495693635523,456.8479198980594,0.0,230.19285349966418,0.0,0.0,0.0,0.0,0.0,0.0,228.28614760516902,0.0,0.0
2017-06-11,227.1437157797442,0.0,1902.692158895589,226.59489375430235,0.0,452.37002907476347,0.0,0.0,0.0,0.0,0.0,0.0,334.7197146148976,0.0,0.0
2017-06-18,654.8102240636431,434.7895253341703,1740.4266743099395,217.5451237994686,0.0,216.15026116341704,0.0,0.0,0.0,0.0,0.0,0.0,216.41107595818434,0.0,0.0
2017-06-25,692.5034913502063,230.83449711673543,1605.8543779313811,460.55351493601756,0.0,229.86021826245917,0.0,0.0,0.0,0.0,0.0,0.0,0.0,0.0,0.0
2017-07-02,471.5713960853375,0.0,2112.745758116667,234.86049005155655,0.0,0.0,0.0,0.0,0.0,0.0,0.0,0.0,0.0,0.0,0.0
2017-07-09,577.1412983552358,229.13826660851154,2185.622734925272,575.0505430271851,0.0,227.82653805606753,0.0,0.0,0.0,0.0,0.0,0.0,0.0,0.0,0.0
2017-07-16,548.0260193258179,0.0,2622.555323704665,437.33511956535756,0.0,218.1400984199605,0.0,0.0,0.0,0.0,0.0,0.0,0.0,0.0,0.0
2017-07-23,224.81063870224645,0.0,1464.849852467948,223.9284961416883,0.0,226.34894734590353,0.0,0.0,0.0,0.0,0.0,0.0,225.73645771087254,0.0,0.0
2017-07-30,427.70259730453427,213.8388747310356,2344.648882590046,639.3911825971647,0.0,212.6394251318029,0.0,0.0,0.0,0.0,0.0,0.0,212.62817461748585,0.0,0.0
2017-08-06,323.22873560141437,0.0,1288.6207218741483,214.7701203123581,0.0,0.0,0.0,0.0,0.0,0.0,0.0,0.0,0.0,0.0,0.0
2017-08-13,955.2035132062532,212.21019562656875,1692.6064556895565,423.10370092590796,0.0,0.0,0.0,0.0,0.0,0.0,0.0,0.0,0.0,0.0,0.0
2017-08-20,532.9748915080118,0.0,1487.2707674426358,844.2165358148283,0.0,213.56726463485637,0.0,0.0,0.0,0.0,0.0,0.0,212.98936163373983,0.0,0.0
2017-08-27,314.09732477435125,0.0,939.2568158701657,208.49793240383838,0.0,0.0,0.0,0.0,0.0,0.0,0.0,0.0,0.0,0.0,0.0
2017-09-03,321.4938774328453,0.0,854.663892500306,212.830771406377,0.0,0.0,0.0,0.0,0.0,0.0,0.0,0.0,0.0,0.0,0.0
2017-09-10,621.8987018296123,0.0,1963.3060130026106,413.34728740975106,0.0,0.0,0.0,0.0,0.0,0.0,0.0,0.0,0.0,0.0,0.0
2017-09-17,0.0,0.0,1230.640029261546,205.13764039026836,0.0,0.0,0.0,0.0,0.0,0.0,0.0,0.0,0.0,0.0,0.0
2017-09-24,211.11260938085664,0.0,841.7731878448349,420.88659392241743,0.0,209.59198867571985,0.0,0.0,0.0,0.0,0.0,0.0,209.84489001952159,0.0,0.0
2017-10-01,315.7149146758325,212.09392843071552,734.0630563916013,624.0091677260579,0.0,0.0,0.0,0.0,0.0,0.0,0.0,0.0,0.0,0.0,0.0
2017-10-08,206.65026890165393,0.0,617.6375273516697,0.0,0.0,205.4672754972757,0.0,0.0,0.0,0.0,0.0,0.0,0.0,0.0,0.0
2017-10-15,207.03078955596817,0.0,722.3416191087883,410.4059489583104,0.0,207.1831489291272,0.0,0.0,0.0,0.0,0.0,0.0,0.0,0.0,0.0
2017-10-22,0.0,0.0,1179.9126937713788,212.7678190965803,0.0,0.0,0.0,0.0,0.0,0.0,0.0,0.0,0.0,0.0,0.0
2017-10-29,214.147880964712,0.0,746.980176309582,426.0337344344144,0.0,0.0,0.0,0.0,0.0,0.0,0.0,0.0,0.0,0.0,0.0
2017-11-05,0.0,0.0,416.2147768758493,0.0,0.0,0.0,0.0,0.0,0.0,0.0,0.0,0.0,208.20139831574502,0.0,0.0
2017-11-12,196.54478868721858,0.0,489.7745778431363,391.8433243110012,0.0,0.0,0.0,0.0,0.0,0.0,0.0,0.0,0.0,0.0,0.0
2017-11-19,407.54772512154676,0.0,706.6216396345856,202.97426696364388,0.0,0.0,0.0,0.0,0.0,0.0,0.0,0.0,0.0,0.0,0.0
2017-11-26,205.55244540628286,0.0,512.2828354781753,205.08747261417219,0.0,0.0,0.0,0.0,0.0,0.0,0.0,0.0,0.0,0.0,0.0
2017-12-03,314.2498977554758,0.0,1566.4737014659954,626.5390295321831,0.0,0.0,0.0,0.0,0.0,0.0,0.0,0.0,0.0,0.0,0.0
2017-12-10,205.80056935565364,205.80056935565364,511.19539103023084,204.44111997731386,0.0,0.0,0.0,0.0,0.0,0.0,0.0,0.0,0.0,0.0,0.0
2017-12-17,328.27422271528917,0.0,545.5046497255906,217.72842078749068,0.0,0.0,0.0,0.0,0.0,0.0,0.0,0.0,218.5192613024913,0.0,0.0
2017-12-24,211.28087792512966,0.0,210.61103202608962,210.61103202608962,0.0,0.0,0.0,0.0,0.0,0.0,0.0,0.0,209.89543480022775,0.0,0.0
2017-12-31,313.4774139557969,0.0,728.9235735488298,208.29083090407872,0.0,0.0,0.0,0.0,0.0,0.0,0.0,0.0,0.0,0.0,0.0
2018-01-07,303.3987023544846,0.0,605.0261172826191,201.65507702928798,0.0,0.0,0.0,0.0,0.0,0.0,0.0,0.0,200.2548000150505,0.0,0.0
2018-01-14,0.0,0.0,393.08408921595765,196.57172029038986,0.0,0.0,0.0,0.0,0.0,0.0,0.0,0.0,0.0,0.0,0.0
2018-01-21,403.1696083935604,201.5848041967802,602.568637428375,200.87642950808038,0.0,0.0,0.0,0.0,0.0,0.0,0.0,0.0,200.36274633310313,0.0,0.0
2018-01-28,195.7626635822334,0.0,487.62514692276955,390.57932818611715,0.0,0.0,0.0,0.0,0.0,0.0,0.0,0.0,194.66987439023282,0.0,0.0
2018-02-04,398.23771832908926,0.0,893.1641081328089,496.18896455769396,0.0,0.0,0.0,0.0,0.0,0.0,0.0,0.0,0.0,0.0,0.0
2018-02-11,396.53971107893625,0.0,688.7463458598272,196.81013739594908,0.0,0.0,0.0,0.0,0.0,0.0,0.0,0.0,0.0,0.0,0.0
2018-02-18,0.0,0.0,401.33952354468016,201.0077568253949,0.0,0.0,0.0,0.0,0.0,0.0,0.0,0.0,200.10122755528639,0.0,0.0
2018-02-25,0.0,0.0,584.0323411509821,770.7095218040369,0.0,0.0,0.0,0.0,0.0,0.0,0.0,0.0,0.0,0.0,0.0
2018-03-04,0.0,0.0,199.11394614374706,197.5203593875699,0.0,0.0,0.0,0.0,0.0,0.0,0.0,0.0,0.0,0.0,0.0
2018-03-11,397.5359412283611,198.76797061418054,397.5679027359565,198.28770973682825,0.0,198.92272658263357,0.0,0.0,0.0,0.0,0.0,0.0,198.27561909861606,0.0,0.0
2018-03-18,208.49749065579257,208.07291310884344,831.2203717696299,414.512896624922,0.0,206.88177561289046,0.0,0.0,0.0,0.0,0.0,0.0,0.0,0.0,0.0
2018-03-25,313.478428505274,208.366540621282,624.8745150718464,0.0,0.0,0.0,0.0,0.0,0.0,0.0,0.0,0.0,0.0,0.0,0.0
2018-04-01,208.77318662502324,0.0,414.8988404904459,206.6982043197717,0.0,0.0,0.0,0.0,0.0,0.0,0.0,0.0,0.0,0.0,0.0
2018-04-08,0.0,0.0,239.40217767627118,241.80815748865118,0.0,0.0,0.0,0.0,0.0,0.0,0.0,0.0,0.0,0.0,0.0
